9999.000,-129.500,-129.000,-128.500,-128.000,-127.500,-127.000,-126.500,-126.000,-125.500,-125.000,-124.500,-124.000,-123.500,-123.000,-122.500,-122.000,-121.500,-121.000,-120.500,-120.000,-119.500,-119.000,-118.500,-118.000,-117.500,-117.000,-116.500,-116.000,-115.500,-115.000,-114.500,-114.000,-113.500,-113.000,-112.500,-112.000,-111.500,-111.000,-110.500,-110.000,-109.500,-109.000,-108.500,-108.000,-107.500,-107.000,-106.500,-106.000,-105.500,-105.000,-104.500,-104.000,-103.500,-103.000,-102.500,-102.000,-101.500,-101.000,-100.500,-100.000,-99.500,-99.000,-98.500,-98.000,-97.500,-97.000,-96.500,-96.000,-95.500,-95.000,-94.500,-94.000,-93.500,-93.000,-92.500,-92.000,-91.500,-91.000,-90.500,-90.000,-89.500,-89.000,-88.500,-88.000,-87.500,-87.000,-86.500,-86.000,-85.500,-85.000,-84.500,-84.000,-83.500,-83.000,-82.500,-82.000,-81.500,-81.000,-80.500,-80.000,-79.500,-79.000,-78.500,-78.000,-77.500,-77.000,-76.500,-76.000,-75.500,-75.000,-74.500,-74.000,-73.500,-73.000,-72.500,-72.000,-71.500,-71.000,-70.500,-70.000,-69.500,-69.000,-68.500,-68.000,-67.500,-67.000,-66.500,-66.000,-65.500,-65.000,-64.500,-64.000,-63.500,-63.000,-62.500,-62.000,-61.500,-61.000,-60.500,-60.000,-59.500,-59.000,-58.500,-58.000,-57.500,-57.000,-56.500,-56.000,-55.500,-55.000,-54.500,-54.000,-53.500,-53.000,-52.500,-52.000,-51.500,-51.000,-50.500,-50.000
51.500,0.831,0.795,0.854,0.811,0.913,0.896,0.836,0.911,0.823,0.854,0.811,0.862,0.785,0.860,0.797,0.685,0.811,0.844,0.839,0.925,0.923,0.913,0.852,0.864,0.874,0.896,0.868,0.880,0.857,0.864,0.819,0.697,0.748,0.726,0.762,0.776,0.707,0.714,0.752,0.673,0.669,0.670,0.681,0.648,0.691,0.648,0.648,0.720,0.758,0.742,0.663,0.669,0.711,0.713,0.675,0.705,0.707,0.772,0.829,0.683,0.695,0.722,0.785,0.703,0.707,0.658,0.587,0.722,0.789,0.817,0.724,0.837,0.815,0.770,0.746,0.723,0.715,0.766,0.681,0.811,0.740,0.730,0.778,0.709,0.697,0.716,0.654,0.626,0.622,0.606,0.604,0.620,0.634,0.573,0.671,0.638,0.585,0.565,0.668,0.640,0.636,0.583,0.632,0.669,0.624,0.624,0.681,0.640,0.610,0.630,0.628,0.618,0.620,0.638,0.750,0.723,0.618,0.705,0.712,0.701,0.722,0.740,0.884,0.844,0.776,0.768,0.793,0.791,0.736,0.707,0.699,0.754,0.713,0.805,0.768,0.791,0.843,0.789,0.775,0.725,0.773,0.799,0.831,0.866,0.896,0.778,0.722,0.774,0.750,0.791,0.736,0.728,0.768,0.780,0.764,0.803,0.858,0.844,0.809,0.835
51.000,0.866,0.862,0.846,0.801,0.807,0.864,0.862,0.864,0.856,0.762,0.856,0.799,0.843,0.906,0.929,0.789,0.854,0.856,0.921,0.888,0.902,0.888,0.872,0.888,0.892,0.880,0.890,0.856,0.860,0.870,0.841,0.845,0.764,0.673,0.726,0.760,0.714,0.644,0.683,0.648,0.667,0.654,0.657,0.699,0.640,0.652,0.693,0.634,0.715,0.707,0.681,0.736,0.714,0.809,0.785,0.705,0.689,0.679,0.831,0.702,0.614,0.650,0.563,0.658,0.677,0.715,0.581,0.771,0.777,0.789,0.799,0.732,0.713,0.736,0.689,0.671,0.665,0.709,0.707,0.746,0.744,0.807,0.760,0.689,0.744,0.707,0.701,0.675,0.614,0.659,0.616,0.622,0.657,0.679,0.665,0.624,0.622,0.677,0.876,0.720,0.620,0.722,0.725,0.722,0.726,0.701,0.661,0.665,0.721,0.709,0.695,0.644,0.656,0.667,0.652,0.687,0.772,0.720,0.754,0.783,0.744,0.843,0.819,0.744,0.880,0.811,0.837,0.823,0.764,0.821,0.860,0.791,0.821,0.770,0.730,0.799,0.817,0.776,0.799,0.772,0.845,0.770,0.752,0.762,0.783,0.773,0.781,0.709,0.736,0.805,0.772,0.776,0.858,0.813,0.799,0.795,0.813,0.819,0.803,0.864
50.500,0.825,0.843,0.821,0.854,0.874,0.807,0.752,0.880,0.882,0.886,0.776,0.764,0.726,0.843,0.848,0.886,0.711,0.776,0.799,0.789,0.868,0.791,0.888,0.882,0.890,0.817,0.809,0.839,0.876,0.856,0.854,0.825,0.683,0.669,0.679,0.744,0.691,0.721,0.699,0.663,0.646,0.624,0.644,0.638,0.720,0.656,0.651,0.711,0.697,0.709,0.667,0.711,0.711,0.715,0.663,0.632,0.636,0.657,0.697,0.766,0.840,0.703,0.594,0.628,0.683,0.648,0.543,0.764,0.758,0.823,0.703,0.713,0.840,0.742,0.787,0.750,0.823,0.785,0.689,0.722,0.752,0.685,0.770,0.659,0.701,0.681,0.705,0.772,0.754,0.679,0.663,0.644,0.632,0.675,0.567,0.618,0.675,0.699,0.795,0.746,0.742,0.705,0.703,0.760,0.795,0.709,0.711,0.724,0.740,0.673,0.707,0.712,0.656,0.720,0.732,0.738,0.728,0.726,0.764,0.852,0.854,0.829,0.813,0.872,0.835,0.730,0.805,0.858,0.785,0.787,0.778,0.898,0.799,0.752,0.754,0.746,0.738,0.734,0.801,0.768,0.766,0.760,0.760,0.791,0.784,0.856,0.754,0.718,0.797,0.809,0.876,0.815,0.780,0.833,0.742,0.811,0.789,0.797,0.793,0.819
50.000,0.841,0.799,0.799,0.811,0.921,0.919,0.868,0.886,0.813,0.764,0.780,0.862,0.805,0.734,0.866,0.866,0.858,0.730,0.878,0.835,0.907,0.781,0.829,0.872,0.870,0.846,0.880,0.860,0.845,0.874,0.870,0.758,0.722,0.693,0.683,0.697,0.709,0.754,0.695,0.764,0.736,0.685,0.614,0.665,0.660,0.681,0.648,0.740,0.659,0.600,0.598,0.646,0.622,0.677,0.691,0.644,0.632,0.653,0.663,0.628,0.622,0.618,0.648,0.496,0.612,0.561,0.648,0.675,0.724,0.736,0.695,0.740,0.697,0.784,0.665,0.722,0.766,0.760,0.783,0.756,0.809,0.732,0.780,0.781,0.815,0.809,0.728,0.707,0.813,0.705,0.723,0.787,0.852,0.801,0.720,0.581,0.651,0.705,0.780,0.728,0.746,0.730,0.756,0.774,0.748,0.770,0.746,0.778,0.707,0.725,0.811,0.744,0.712,0.724,0.770,0.758,0.803,0.748,0.717,0.789,0.760,0.768,0.819,0.788,0.862,0.778,0.744,0.748,0.679,0.750,0.720,0.685,0.687,0.654,0.624,0.634,0.628,0.657,0.734,0.748,0.771,0.758,0.709,0.778,0.809,0.807,0.744,0.756,0.817,0.752,0.795,0.811,0.805,0.768,0.750,0.785,0.781,0.774,0.752,0.821
49.500,0.805,0.785,0.842,0.791,0.778,0.748,0.825,0.880,0.866,0.813,0.657,0.725,0.843,0.876,0.878,0.896,0.906,0.915,0.902,0.907,0.844,0.844,0.939,0.870,0.874,0.878,0.819,0.846,0.766,0.874,0.878,0.787,0.762,0.671,0.722,0.697,0.732,0.750,0.705,0.730,0.762,0.768,0.721,0.701,0.652,0.610,0.589,0.636,0.644,0.669,0.587,0.614,0.571,0.594,0.661,0.717,0.656,0.626,0.637,0.585,0.610,0.699,0.596,0.581,0.705,0.646,0.642,0.685,0.697,0.789,0.742,0.772,0.754,0.687,0.738,0.750,0.825,0.768,0.770,0.703,0.786,0.858,0.573,0.593,0.858,0.778,0.799,0.831,0.744,0.848,0.843,0.884,0.815,0.888,0.774,0.823,0.790,0.778,0.748,0.738,0.795,0.740,0.724,0.703,0.760,0.780,0.719,0.791,0.752,0.726,0.738,0.705,0.740,0.699,0.695,0.807,0.764,0.813,0.793,0.742,0.717,0.768,0.835,0.793,0.868,0.817,0.661,0.652,0.675,0.681,0.689,0.711,0.659,0.652,0.683,0.657,0.683,0.695,0.695,0.709,0.738,0.742,0.744,0.752,0.831,0.799,0.819,0.803,0.754,0.742,0.797,0.746,0.750,0.803,0.807,0.795,0.768,0.750,0.758,0.776
49.000,0.846,0.854,0.829,0.781,0.787,0.781,0.744,0.817,0.890,0.788,0.811,0.706,0.719,0.667,0.856,0.841,0.872,0.951,0.933,0.913,0.854,0.925,0.882,0.906,0.831,0.892,0.783,0.886,0.813,0.712,0.860,0.860,0.740,0.693,0.667,0.711,0.675,0.715,0.758,0.738,0.689,0.604,0.624,0.650,0.685,0.634,0.649,0.667,0.614,0.596,0.608,0.579,0.589,0.602,0.640,0.638,0.594,0.616,0.610,0.640,0.583,0.608,0.600,0.553,0.719,0.760,0.695,0.687,0.665,0.657,0.661,0.732,0.711,0.791,0.703,0.801,0.799,0.839,0.833,0.801,0.843,0.880,0.750,0.783,0.699,0.788,0.784,0.740,0.870,0.876,0.811,0.898,0.880,0.951,0.852,0.864,0.860,0.815,0.825,0.843,0.817,0.815,0.803,0.866,0.783,0.795,0.821,0.791,0.762,0.748,0.778,0.738,0.746,0.807,0.860,0.858,0.852,0.844,0.789,0.864,0.886,0.725,0.764,0.870,0.850,0.738,0.707,0.703,0.661,0.673,0.719,0.679,0.679,0.697,0.724,0.697,0.656,0.673,0.719,0.705,0.752,0.781,0.732,0.825,0.803,0.843,0.809,0.752,0.766,0.835,0.839,0.868,0.853,0.772,0.764,0.856,0.850,0.726,0.783,0.793
48.500,0.833,0.780,0.797,0.766,0.750,0.754,0.758,0.807,0.819,0.805,0.858,0.829,0.817,0.685,0.685,0.878,0.925,0.924,0.965,0.919,0.898,0.791,0.872,0.833,0.835,0.876,0.848,0.781,0.823,0.795,0.878,0.839,0.880,0.847,0.740,0.640,0.644,0.791,0.689,0.681,0.648,0.663,0.687,0.610,0.653,0.667,0.687,0.642,0.638,0.535,0.585,0.616,0.610,0.620,0.596,0.581,0.604,0.585,0.598,0.673,0.638,0.595,0.614,0.610,0.618,0.811,0.665,0.677,0.671,0.638,0.632,0.752,0.779,0.687,0.748,0.797,0.805,0.809,0.831,0.764,0.894,0.876,0.815,0.726,0.707,0.862,0.858,0.894,0.870,0.858,0.886,0.849,0.864,0.864,0.839,0.850,0.866,0.892,0.864,0.825,0.795,0.738,0.813,0.852,0.811,0.825,0.750,0.750,0.722,0.787,0.766,0.815,0.758,0.833,0.807,0.754,0.764,0.898,0.815,0.811,0.789,0.844,0.707,0.744,0.671,0.785,0.896,0.874,0.839,0.781,0.803,0.809,0.701,0.641,0.648,0.691,0.638,0.642,0.665,0.693,0.693,0.762,0.762,0.858,0.888,0.793,0.788,0.823,0.892,0.795,0.862,0.882,0.829,0.766,0.713,0.730,0.709,0.715,0.738,0.758
48.000,0.762,0.789,0.815,0.809,0.797,0.803,0.801,0.801,0.797,0.791,0.764,0.809,0.730,0.665,0.697,0.807,0.937,0.992,0.902,0.821,0.756,0.823,0.856,0.791,0.742,0.840,0.880,0.852,0.856,0.837,0.919,0.772,0.906,0.909,0.726,0.616,0.634,0.638,0.667,0.673,0.693,0.758,0.665,0.632,0.600,0.632,0.630,0.671,0.616,0.600,0.516,0.567,0.600,0.585,0.596,0.601,0.589,0.591,0.663,0.624,0.632,0.553,0.612,0.604,0.671,0.783,0.748,0.654,0.616,0.723,0.719,0.717,0.772,0.825,0.874,0.762,0.835,0.858,0.841,0.829,0.882,0.768,0.628,0.533,0.596,0.569,0.640,0.620,0.905,0.876,0.872,0.876,0.848,0.902,0.882,0.858,0.902,0.878,0.837,0.896,0.876,0.862,0.836,0.752,0.809,0.795,0.817,0.746,0.714,0.679,0.766,0.813,0.827,0.754,0.880,0.923,0.870,0.878,0.880,0.848,0.898,0.766,0.734,0.874,0.841,0.815,0.835,0.791,0.803,0.817,0.829,0.585,0.608,0.661,0.711,0.659,0.652,0.642,0.652,0.677,0.707,0.715,0.768,0.880,0.837,0.778,0.760,0.823,0.890,0.880,0.892,0.872,0.864,0.837,0.754,0.707,0.697,0.756,0.752,0.732
47.500,0.807,0.809,0.817,0.795,0.837,0.803,0.778,0.797,0.734,0.803,0.805,0.872,0.933,0.915,0.789,0.793,0.921,0.966,0.878,0.787,0.683,0.663,0.734,0.736,0.715,0.766,0.776,0.917,0.844,0.906,0.902,0.811,0.860,0.915,0.884,0.719,0.628,0.614,0.711,0.681,0.640,0.604,0.632,0.624,0.610,0.636,0.591,0.600,0.620,0.585,0.583,0.624,0.601,0.656,0.663,0.691,0.587,0.626,0.648,0.620,0.595,0.577,0.671,0.669,0.634,0.608,0.790,0.616,0.634,0.760,0.748,0.817,0.799,0.850,0.746,0.736,0.836,0.746,0.862,0.862,0.679,0.539,0.567,0.610,0.634,0.634,0.646,0.608,0.693,0.638,0.817,0.907,0.839,0.827,0.850,0.841,0.907,0.929,0.884,0.870,0.844,0.829,0.803,0.833,0.833,0.844,0.819,0.793,0.831,0.835,0.844,0.878,0.845,0.844,0.829,0.862,0.870,0.880,0.835,0.860,0.748,0.856,0.927,0.851,0.886,0.842,0.878,0.844,0.742,0.622,0.598,0.541,0.569,0.671,0.703,0.687,0.671,0.681,0.656,0.693,0.779,0.858,0.834,0.850,0.811,0.799,0.823,0.833,0.850,0.874,0.884,0.890,0.882,0.846,0.736,0.744,0.715,0.732,0.817,0.793
47.000,0.813,0.833,0.783,0.788,0.762,0.839,0.801,0.756,0.781,0.805,0.785,0.776,0.902,0.833,0.774,0.825,0.955,0.919,0.852,0.797,0.673,0.693,0.744,0.772,0.787,0.785,0.839,0.904,0.925,0.884,0.831,0.746,0.902,0.907,0.896,0.758,0.687,0.673,0.740,0.728,0.720,0.695,0.650,0.614,0.604,0.608,0.638,0.618,0.610,0.593,0.614,0.600,0.655,0.654,0.624,0.679,0.673,0.622,0.614,0.650,0.654,0.608,0.608,0.594,0.610,0.671,0.762,0.614,0.713,0.744,0.754,0.756,0.754,0.813,0.744,0.849,0.927,0.799,0.616,0.594,0.575,0.522,0.480,0.868,0.604,0.687,0.636,0.575,0.632,0.663,0.602,0.919,0.862,0.864,0.880,0.823,0.846,0.872,0.744,0.805,0.864,0.844,0.835,0.872,0.844,0.809,0.813,0.854,0.892,0.902,0.819,0.835,0.825,0.843,0.835,0.862,0.835,0.854,0.874,0.656,0.894,0.921,0.923,0.839,0.866,0.823,0.848,0.813,0.807,0.805,0.648,0.585,0.608,0.614,0.632,0.703,0.711,0.689,0.689,0.693,0.712,0.784,0.768,0.740,0.679,0.711,0.740,0.697,0.736,0.754,0.823,0.750,0.850,0.858,0.848,0.693,0.740,0.740,0.752,0.821
46.500,0.844,0.787,0.827,0.821,0.809,0.837,0.850,0.774,0.774,0.738,0.799,0.760,0.811,0.876,0.821,0.874,0.953,0.959,0.768,0.776,0.738,0.691,0.726,0.781,0.780,0.766,0.856,0.896,0.868,0.898,0.886,0.876,0.831,0.843,0.866,0.756,0.799,0.805,0.872,0.789,0.740,0.811,0.709,0.612,0.571,0.624,0.636,0.648,0.636,0.626,0.567,0.624,0.675,0.691,0.675,0.685,0.681,0.718,0.657,0.618,0.624,0.622,0.561,0.579,0.528,0.640,0.667,0.642,0.701,0.740,0.772,0.719,0.720,0.768,0.781,0.864,0.598,0.646,0.652,0.577,0.636,0.693,0.904,0.671,0.711,0.630,0.669,0.659,0.644,0.659,0.610,0.937,0.917,0.811,0.878,0.831,0.776,0.850,0.855,0.870,0.900,0.850,0.872,0.898,0.860,0.921,0.894,0.945,0.774,0.923,0.909,0.894,0.841,0.817,0.817,0.852,0.837,0.921,0.785,0.872,0.829,0.858,0.880,0.854,0.780,0.838,0.819,0.831,0.854,0.829,0.703,0.699,0.596,0.587,0.632,0.663,0.600,0.675,0.789,0.707,0.677,0.734,0.750,0.738,0.701,0.707,0.683,0.713,0.780,0.732,0.679,0.746,0.750,0.878,0.738,0.734,0.740,0.778,0.801,0.776
46.000,0.811,0.809,0.807,0.807,0.850,0.787,0.832,0.738,0.793,0.780,0.795,0.727,0.829,0.874,0.856,0.911,0.923,0.898,0.642,0.707,0.667,0.679,0.669,0.738,0.764,0.730,0.783,0.772,0.874,0.906,0.923,0.874,0.921,0.866,0.768,0.896,0.900,0.787,0.752,0.781,0.720,0.644,0.646,0.683,0.640,0.652,0.677,0.646,0.630,0.600,0.634,0.600,0.618,0.626,0.644,0.657,0.616,0.653,0.661,0.594,0.591,0.650,0.541,0.541,0.512,0.650,0.646,0.685,0.596,0.638,0.622,0.778,0.724,0.778,0.770,0.795,0.750,0.779,0.758,0.862,0.864,0.823,0.832,0.827,0.854,0.882,0.945,0.807,0.833,0.853,0.888,0.831,0.787,0.817,0.878,0.880,0.827,0.813,0.831,0.768,0.663,0.856,0.852,0.842,0.882,0.892,0.835,0.870,0.844,0.935,0.898,0.882,0.860,0.904,0.797,0.758,0.868,0.833,0.843,0.884,0.876,0.829,0.829,0.823,0.791,0.854,0.868,0.821,0.791,0.848,0.886,0.632,0.717,0.781,0.811,0.833,0.744,0.734,0.841,0.711,0.711,0.661,0.697,0.675,0.699,0.713,0.632,0.665,0.652,0.699,0.701,0.728,0.693,0.671,0.734,0.754,0.750,0.762,0.825,0.831
45.500,0.809,0.831,0.813,0.803,0.787,0.843,0.774,0.778,0.799,0.835,0.805,0.748,0.813,0.876,0.748,0.921,0.884,0.770,0.730,0.579,0.573,0.630,0.683,0.801,0.917,0.874,0.813,0.758,0.888,0.900,0.888,0.868,0.860,0.862,0.862,0.724,0.730,0.709,0.825,0.726,0.661,0.742,0.683,0.647,0.661,0.644,0.728,0.687,0.665,0.679,0.598,0.557,0.620,0.610,0.699,0.663,0.677,0.626,0.648,0.634,0.579,0.638,0.632,0.526,0.508,0.555,0.504,0.673,0.634,0.602,0.667,0.656,0.659,0.691,0.671,0.703,0.671,0.730,0.732,0.719,0.795,0.736,0.750,0.744,0.679,0.709,0.717,0.780,0.687,0.663,0.754,0.628,0.618,0.630,0.632,0.689,0.656,0.598,0.701,0.801,0.897,0.907,0.905,0.793,0.821,0.754,0.711,0.874,0.880,0.902,0.845,0.937,0.750,0.646,0.687,0.720,0.831,0.833,0.868,0.884,0.833,0.799,0.758,0.868,0.843,0.817,0.795,0.709,0.778,0.842,0.896,0.781,0.713,0.665,0.703,0.715,0.687,0.870,0.718,0.760,0.679,0.709,0.720,0.644,0.728,0.697,0.703,0.722,0.711,0.732,0.728,0.742,0.695,0.709,0.748,0.752,0.752,0.756,0.799,0.770
45.000,0.787,0.787,0.756,0.746,0.809,0.791,0.780,0.785,0.776,0.772,0.764,0.778,0.898,0.795,0.772,0.868,0.951,0.770,0.754,0.732,0.687,0.817,0.872,0.844,0.843,0.890,0.894,0.829,0.910,0.850,0.913,0.768,0.823,0.791,0.762,0.727,0.791,0.819,0.748,0.850,0.799,0.738,0.669,0.744,0.687,0.663,0.659,0.685,0.705,0.683,0.656,0.626,0.636,0.591,0.606,0.651,0.636,0.632,0.585,0.642,0.634,0.579,0.640,0.583,0.597,0.610,0.549,0.555,0.569,0.567,0.531,0.514,0.516,0.583,0.636,0.634,0.663,0.638,0.642,0.762,0.774,0.841,0.774,0.659,0.628,0.608,0.614,0.719,0.681,0.705,0.663,0.671,0.640,0.622,0.600,0.567,0.585,0.551,0.557,0.618,0.785,0.799,0.898,0.882,0.829,0.803,0.711,0.636,0.687,0.724,0.687,0.681,0.687,0.693,0.703,0.837,0.805,0.874,0.878,0.886,0.854,0.801,0.799,0.776,0.829,0.809,0.797,0.768,0.772,0.642,0.624,0.630,0.677,0.712,0.815,0.809,0.850,0.748,0.697,0.717,0.711,0.669,0.630,0.612,0.654,0.715,0.720,0.707,0.689,0.699,0.742,0.750,0.740,0.713,0.758,0.762,0.805,0.764,0.817,0.834
44.500,0.774,0.791,0.795,0.811,0.797,0.744,0.793,0.819,0.781,0.736,0.756,0.760,0.904,0.807,0.776,0.951,0.937,0.722,0.713,0.689,0.685,0.764,0.904,0.925,0.766,0.691,0.829,0.780,0.888,0.910,0.844,0.882,0.833,0.852,0.815,0.833,0.789,0.787,0.774,0.843,0.876,0.746,0.595,0.567,0.772,0.713,0.719,0.671,0.628,0.616,0.593,0.624,0.636,0.543,0.577,0.565,0.628,0.628,0.589,0.530,0.602,0.591,0.646,0.593,0.593,0.524,0.543,0.512,0.561,0.577,0.711,0.474,0.488,0.577,0.632,0.693,0.652,0.669,0.709,0.744,0.740,0.756,0.770,0.819,0.701,0.703,0.685,0.663,0.760,0.730,0.811,0.657,0.679,0.661,0.632,0.608,0.636,0.614,0.596,0.608,0.632,0.632,0.687,0.652,0.705,0.760,0.705,0.626,0.626,0.685,0.724,0.738,0.781,0.691,0.756,0.807,0.902,0.907,0.850,0.825,0.813,0.728,0.705,0.734,0.685,0.644,0.591,0.535,0.591,0.687,0.750,0.776,0.738,0.742,0.683,0.683,0.652,0.657,0.679,0.669,0.632,0.650,0.642,0.636,0.665,0.719,0.734,0.744,0.746,0.778,0.783,0.780,0.774,0.789,0.752,0.774,0.758,0.846,0.791,0.852
44.000,0.778,0.839,0.779,0.776,0.764,0.778,0.764,0.795,0.770,0.762,0.746,0.752,0.868,0.744,0.880,0.931,0.856,0.657,0.748,0.846,0.842,0.833,0.888,0.827,0.734,0.711,0.730,0.852,0.852,0.852,0.874,0.719,0.758,0.803,0.831,0.740,0.768,0.807,0.742,0.760,0.858,0.766,0.638,0.522,0.575,0.829,0.760,0.602,0.616,0.651,0.628,0.644,0.768,0.624,0.581,0.512,0.585,0.638,0.597,0.577,0.614,0.604,0.612,0.541,0.528,0.522,0.591,0.516,0.537,0.551,0.598,0.561,0.484,0.533,0.567,0.579,0.616,0.707,0.734,0.717,0.746,0.760,0.793,0.762,0.764,0.699,0.719,0.701,0.717,0.762,0.699,0.728,0.701,0.681,0.713,0.687,0.657,0.699,0.715,0.762,0.650,0.673,0.679,0.661,0.683,0.650,0.616,0.650,0.699,0.701,0.819,0.841,0.705,0.703,0.792,0.803,0.736,0.849,0.748,0.746,0.660,0.681,0.665,0.618,0.582,0.565,0.547,0.563,0.626,0.701,0.707,0.705,0.622,0.581,0.579,0.551,0.573,0.622,0.624,0.598,0.638,0.699,0.648,0.640,0.675,0.711,0.752,0.752,0.754,0.758,0.813,0.787,0.831,0.844,0.827,0.801,0.760,0.756,0.795,0.787
43.500,0.762,0.773,0.770,0.758,0.740,0.776,0.811,0.756,0.728,0.750,0.748,0.746,0.908,0.807,0.862,0.870,0.805,0.785,0.687,0.683,0.762,0.799,0.821,0.707,0.703,0.742,0.754,0.740,0.801,0.856,0.780,0.815,0.811,0.768,0.618,0.620,0.701,0.693,0.744,0.878,0.856,0.852,0.671,0.571,0.500,0.683,0.664,0.569,0.543,0.606,0.518,0.553,0.703,0.559,0.585,0.636,0.559,0.604,0.636,0.600,0.531,0.541,0.584,0.531,0.541,0.543,0.577,0.573,0.559,0.577,0.526,0.575,0.608,0.602,0.600,0.703,0.646,0.720,0.754,0.780,0.754,0.736,0.803,0.748,0.677,0.687,0.657,0.659,0.715,0.701,0.701,0.685,0.644,0.665,0.693,0.681,0.681,0.689,0.775,0.754,0.720,0.707,0.695,0.642,0.655,0.618,0.677,0.685,0.817,0.754,0.803,0.778,0.734,0.689,0.805,0.730,0.760,0.730,0.703,0.661,0.593,0.650,0.590,0.589,0.610,0.559,0.598,0.565,0.596,0.654,0.681,0.624,0.663,0.604,0.620,0.616,0.632,0.656,0.642,0.650,0.697,0.689,0.736,0.760,0.775,0.756,0.732,0.681,0.793,0.781,0.817,0.783,0.860,0.833,0.868,0.843,0.790,0.811,0.764,0.785
43.000,0.833,0.848,0.768,0.758,0.772,0.803,0.805,0.720,0.738,0.710,0.726,0.728,0.848,0.787,0.886,0.886,0.744,0.750,0.654,0.648,0.683,0.711,0.750,0.695,0.675,0.744,0.730,0.612,0.654,0.683,0.591,0.634,0.616,0.598,0.638,0.587,0.738,0.856,0.860,0.846,0.870,0.646,0.553,0.504,0.537,0.693,0.601,0.539,0.642,0.514,0.583,0.561,0.496,0.593,0.575,0.610,0.608,0.658,0.642,0.626,0.598,0.600,0.616,0.573,0.526,0.539,0.531,0.545,0.531,0.496,0.563,0.512,0.591,0.644,0.594,0.618,0.679,0.669,0.693,0.736,0.774,0.762,0.770,0.801,0.717,0.715,0.695,0.701,0.713,0.679,0.699,0.699,0.707,0.697,0.720,0.648,0.614,0.689,0.693,0.624,0.640,0.669,0.624,0.640,0.579,0.667,0.634,0.638,0.722,0.736,0.868,0.709,0.683,0.699,0.787,0.687,0.683,0.652,0.620,0.600,0.595,0.598,0.553,0.591,0.618,0.598,0.602,0.565,0.567,0.598,0.581,0.622,0.626,0.612,0.579,0.644,0.695,0.683,0.752,0.752,0.754,0.758,0.766,0.772,0.795,0.756,0.815,0.756,0.789,0.819,0.821,0.870,0.872,0.843,0.862,0.811,0.821,0.797,0.797,0.762
42.500,0.825,0.813,0.834,0.803,0.785,0.730,0.809,0.776,0.734,0.728,0.656,0.825,0.839,0.791,0.900,0.900,0.732,0.770,0.740,0.624,0.658,0.669,0.734,0.630,0.626,0.654,0.726,0.640,0.530,0.569,0.549,0.583,0.594,0.553,0.642,0.748,0.768,0.854,0.807,0.754,0.736,0.787,0.671,0.547,0.583,0.628,0.652,0.575,0.616,0.634,0.594,0.561,0.587,0.604,0.591,0.614,0.504,0.555,0.584,0.492,0.612,0.632,0.616,0.581,0.577,0.618,0.577,0.581,0.585,0.530,0.506,0.500,0.587,0.608,0.618,0.622,0.610,0.691,0.795,0.744,0.744,0.732,0.736,0.752,0.655,0.659,0.626,0.720,0.740,0.764,0.758,0.785,0.723,0.703,0.752,0.677,0.728,0.699,0.669,0.646,0.673,0.604,0.642,0.634,0.709,0.768,0.734,0.740,0.713,0.652,0.667,0.630,0.656,0.701,0.709,0.632,0.638,0.634,0.634,0.608,0.577,0.551,0.602,0.626,0.630,0.612,0.600,0.624,0.606,0.604,0.596,0.663,0.691,0.665,0.705,0.742,0.695,0.752,0.780,0.785,0.783,0.788,0.833,0.827,0.876,0.819,0.813,0.864,0.862,0.862,0.872,0.860,0.860,0.892,0.856,0.876,0.841,0.878,0.941,0.994
42.000,0.793,0.829,0.797,0.783,0.740,0.764,0.754,0.768,0.762,0.671,0.652,0.764,0.833,0.734,0.697,0.809,0.620,0.724,0.766,0.695,0.683,0.701,0.679,0.596,0.691,0.656,0.665,0.663,0.581,0.569,0.591,0.705,0.642,0.612,0.722,0.740,0.717,0.689,0.839,0.659,0.565,0.640,0.760,0.601,0.654,0.718,0.683,0.646,0.776,0.642,0.588,0.545,0.579,0.598,0.527,0.527,0.508,0.514,0.559,0.583,0.545,0.610,0.636,0.632,0.624,0.654,0.661,0.593,0.638,0.587,0.534,0.543,0.541,0.582,0.620,0.616,0.697,0.730,0.811,0.687,0.813,0.776,0.687,0.705,0.703,0.663,0.624,0.705,0.663,0.707,0.714,0.712,0.746,0.772,0.654,0.657,0.634,0.634,0.632,0.679,0.692,0.705,0.683,0.732,0.726,0.770,0.750,0.770,0.746,0.734,0.715,0.675,0.620,0.652,0.644,0.663,0.620,0.612,0.659,0.626,0.598,0.604,0.628,0.608,0.657,0.728,0.636,0.673,0.695,0.634,0.709,0.683,0.695,0.740,0.736,0.736,0.789,0.868,0.860,0.839,0.854,0.789,0.884,0.854,0.841,0.805,0.811,0.890,0.953,0.972,0.851,0.888,0.850,0.886,0.904,0.892,0.894,0.927,0.982,0.984
41.500,0.841,0.839,0.785,0.742,0.754,0.787,0.797,0.766,0.762,0.701,0.665,0.612,0.817,0.699,0.616,0.707,0.628,0.565,0.675,0.740,0.616,0.567,0.567,0.595,0.602,0.685,0.608,0.665,0.724,0.811,0.695,0.610,0.667,0.589,0.553,0.616,0.685,0.663,0.740,0.553,0.533,0.600,0.640,0.614,0.586,0.573,0.573,0.606,0.644,0.679,0.648,0.669,0.646,0.579,0.512,0.506,0.431,0.504,0.526,0.654,0.606,0.614,0.571,0.624,0.626,0.665,0.640,0.618,0.720,0.671,0.616,0.535,0.537,0.608,0.752,0.689,0.642,0.687,0.646,0.722,0.740,0.669,0.648,0.669,0.687,0.571,0.626,0.677,0.701,0.685,0.764,0.783,0.726,0.642,0.604,0.636,0.594,0.618,0.624,0.681,0.651,0.642,0.685,0.756,0.713,0.746,0.781,0.754,0.716,0.705,0.665,0.654,0.654,0.634,0.697,0.661,0.661,0.679,0.653,0.646,0.545,0.596,0.614,0.699,0.628,0.628,0.614,0.612,0.713,0.716,0.691,0.734,0.775,0.764,0.817,0.860,0.842,0.817,0.860,0.840,0.819,0.831,0.785,0.803,0.833,0.829,0.833,0.902,0.949,0.907,0.878,0.852,0.907,0.904,0.894,0.868,0.927,0.924,0.951,0.894
41.000,0.790,0.780,0.803,0.821,0.850,0.719,0.764,0.762,0.750,0.730,0.616,0.626,0.719,0.746,0.598,0.663,0.717,0.689,0.679,0.783,0.520,0.516,0.502,0.567,0.530,0.604,0.691,0.748,0.616,0.648,0.699,0.622,0.522,0.530,0.451,0.594,0.715,0.695,0.657,0.569,0.563,0.644,0.634,0.600,0.595,0.770,0.618,0.766,0.591,0.662,0.567,0.620,0.648,0.588,0.642,0.602,0.474,0.455,0.514,0.657,0.661,0.652,0.656,0.632,0.622,0.537,0.600,0.585,0.593,0.644,0.711,0.620,0.606,0.618,0.642,0.711,0.612,0.624,0.632,0.638,0.632,0.602,0.630,0.618,0.663,0.657,0.685,0.730,0.697,0.705,0.758,0.783,0.764,0.726,0.750,0.722,0.675,0.709,0.701,0.687,0.661,0.691,0.726,0.697,0.662,0.636,0.715,0.703,0.685,0.657,0.638,0.636,0.636,0.632,0.634,0.634,0.653,0.610,0.634,0.628,0.612,0.573,0.600,0.689,0.628,0.646,0.604,0.811,0.764,0.803,0.719,0.780,0.764,0.789,0.783,0.797,0.813,0.815,0.803,0.783,0.787,0.795,0.852,0.852,0.837,0.827,0.839,0.931,0.902,0.872,0.837,0.851,0.878,0.909,0.892,0.939,0.890,0.902,0.884,0.874
40.500,0.795,0.815,0.821,0.764,0.766,0.768,0.719,0.740,0.701,0.701,0.661,0.644,0.780,0.648,0.577,0.498,0.626,0.624,0.663,0.510,0.461,0.512,0.449,0.522,0.587,0.587,0.602,0.618,0.659,0.740,0.590,0.608,0.512,0.486,0.594,0.488,0.760,0.738,0.799,0.746,0.768,0.636,0.618,0.551,0.498,0.801,0.778,0.679,0.811,0.534,0.551,0.573,0.575,0.555,0.512,0.530,0.644,0.579,0.539,0.630,0.659,0.656,0.604,0.557,0.549,0.553,0.622,0.587,0.579,0.585,0.626,0.648,0.585,0.598,0.587,0.571,0.610,0.630,0.610,0.608,0.626,0.575,0.618,0.618,0.681,0.703,0.721,0.711,0.669,0.695,0.720,0.733,0.791,0.742,0.726,0.750,0.770,0.744,0.695,0.661,0.723,0.724,0.720,0.705,0.711,0.685,0.752,0.728,0.675,0.663,0.636,0.614,0.636,0.612,0.644,0.638,0.526,0.543,0.575,0.591,0.600,0.573,0.593,0.583,0.671,0.646,0.729,0.807,0.750,0.752,0.795,0.793,0.752,0.797,0.795,0.831,0.821,0.841,0.819,0.801,0.813,0.764,0.843,0.870,0.837,0.856,0.927,0.909,0.878,0.876,0.852,0.898,0.919,0.888,0.878,0.892,0.880,0.854,0.840,0.857
40.000,0.766,0.736,0.758,0.742,0.705,0.736,0.701,0.707,0.762,0.705,0.644,0.642,0.622,0.610,0.476,0.478,0.581,0.634,0.642,0.522,0.407,0.461,0.449,0.539,0.646,0.557,0.624,0.679,0.575,0.612,0.563,0.532,0.512,0.472,0.520,0.620,0.622,0.801,0.701,0.551,0.514,0.435,0.610,0.612,0.608,0.772,0.821,0.852,0.833,0.545,0.437,0.520,0.490,0.526,0.512,0.512,0.514,0.526,0.575,0.667,0.664,0.581,0.602,0.624,0.571,0.630,0.585,0.559,0.584,0.630,0.563,0.587,0.588,0.575,0.541,0.598,0.618,0.655,0.604,0.620,0.575,0.624,0.589,0.618,0.689,0.740,0.732,0.718,0.736,0.726,0.776,0.729,0.705,0.768,0.744,0.770,0.752,0.701,0.671,0.728,0.703,0.728,0.715,0.715,0.665,0.656,0.713,0.734,0.643,0.667,0.649,0.630,0.638,0.640,0.579,0.555,0.528,0.590,0.579,0.592,0.579,0.542,0.638,0.711,0.795,0.815,0.791,0.748,0.750,0.778,0.758,0.840,0.845,0.835,0.876,0.852,0.821,0.797,0.813,0.821,0.829,0.819,0.860,0.833,0.850,0.825,0.870,0.884,0.886,0.892,0.882,0.870,0.888,0.882,0.878,0.900,0.913,0.890,0.872,0.844
39.500,0.785,0.831,0.783,0.715,0.732,0.756,0.683,0.724,0.717,0.683,0.644,0.555,0.601,0.561,0.537,0.449,0.472,0.661,0.610,0.583,0.472,0.439,0.443,0.490,0.494,0.602,0.605,0.687,0.685,0.555,0.514,0.459,0.494,0.431,0.486,0.559,0.675,0.756,0.691,0.579,0.429,0.476,0.537,0.528,0.787,0.717,0.679,0.777,0.797,0.585,0.470,0.490,0.557,0.549,0.498,0.510,0.488,0.581,0.530,0.565,0.596,0.543,0.559,0.555,0.584,0.598,0.612,0.596,0.650,0.649,0.591,0.573,0.535,0.585,0.541,0.577,0.496,0.628,0.533,0.593,0.561,0.581,0.585,0.636,0.648,0.689,0.730,0.687,0.738,0.711,0.742,0.657,0.734,0.734,0.738,0.711,0.715,0.665,0.683,0.722,0.746,0.740,0.740,0.693,0.703,0.707,0.730,0.652,0.661,0.705,0.654,0.600,0.579,0.630,0.575,0.634,0.679,0.665,0.642,0.712,0.693,0.693,0.724,0.752,0.752,0.791,0.815,0.813,0.789,0.799,0.809,0.850,0.866,0.845,0.858,0.862,0.780,0.819,0.797,0.843,0.862,0.846,0.886,0.868,0.866,0.850,0.860,0.866,0.858,0.862,0.892,0.872,0.851,0.846,0.868,0.902,0.876,0.870,0.894,0.880
39.000,0.760,0.789,0.744,0.752,0.726,0.744,0.768,0.717,0.669,0.614,0.622,0.516,0.526,0.591,0.600,0.429,0.388,0.427,0.632,0.699,0.451,0.408,0.441,0.417,0.587,0.530,0.563,0.549,0.488,0.488,0.573,0.583,0.370,0.457,0.437,0.555,0.644,0.709,0.480,0.413,0.640,0.537,0.402,0.486,0.732,0.724,0.795,0.705,0.591,0.577,0.539,0.520,0.553,0.502,0.508,0.569,0.601,0.587,0.518,0.533,0.508,0.543,0.543,0.573,0.614,0.636,0.618,0.622,0.616,0.597,0.596,0.545,0.575,0.571,0.632,0.636,0.608,0.610,0.526,0.575,0.531,0.630,0.642,0.659,0.661,0.681,0.709,0.679,0.752,0.728,0.708,0.677,0.732,0.719,0.657,0.638,0.612,0.650,0.652,0.711,0.715,0.707,0.701,0.679,0.624,0.689,0.622,0.628,0.658,0.593,0.626,0.628,0.636,0.571,0.594,0.673,0.719,0.699,0.705,0.711,0.744,0.740,0.752,0.774,0.752,0.878,0.817,0.813,0.787,0.793,0.876,0.904,0.862,0.927,0.880,0.878,0.864,0.854,0.813,0.811,0.842,0.848,0.874,0.880,0.921,0.905,0.870,0.892,0.886,0.902,0.900,0.862,0.866,0.843,0.801,0.872,0.856,0.880,0.864,0.919
38.500,0.764,0.783,0.758,0.752,0.728,0.742,0.699,0.742,0.614,0.588,0.547,0.567,0.541,0.522,0.533,0.498,0.396,0.508,0.561,0.703,0.547,0.380,0.400,0.406,0.480,0.659,0.565,0.533,0.435,0.439,0.553,0.634,0.427,0.457,0.445,0.697,0.610,0.433,0.439,0.339,0.366,0.345,0.673,0.437,0.539,0.762,0.701,0.691,0.508,0.608,0.496,0.518,0.439,0.404,0.465,0.508,0.545,0.553,0.542,0.535,0.504,0.533,0.553,0.600,0.612,0.561,0.604,0.582,0.569,0.616,0.553,0.559,0.620,0.616,0.610,0.600,0.569,0.559,0.632,0.608,0.640,0.675,0.699,0.701,0.652,0.711,0.659,0.693,0.683,0.675,0.646,0.636,0.679,0.699,0.652,0.652,0.644,0.661,0.665,0.681,0.648,0.636,0.634,0.669,0.626,0.624,0.632,0.600,0.669,0.630,0.602,0.508,0.508,0.569,0.666,0.620,0.653,0.756,0.736,0.740,0.776,0.850,0.797,0.770,0.817,0.795,0.786,0.781,0.789,0.866,0.886,0.878,0.811,0.858,0.833,0.876,0.870,0.862,0.770,0.819,0.880,0.874,0.882,0.868,0.807,0.833,0.848,0.888,0.868,0.862,0.864,0.860,0.862,0.823,0.862,0.848,0.813,0.823,0.827,0.831
38.000,0.772,0.724,0.775,0.728,0.768,0.717,0.697,0.679,0.693,0.709,0.600,0.606,0.445,0.470,0.419,0.419,0.425,0.406,0.437,0.656,0.640,0.563,0.460,0.399,0.378,0.380,0.528,0.380,0.356,0.384,0.366,0.531,0.407,0.417,0.508,0.622,0.512,0.392,0.372,0.374,0.370,0.528,0.449,0.707,0.516,0.669,0.685,0.770,0.565,0.484,0.435,0.398,0.465,0.388,0.460,0.504,0.545,0.575,0.535,0.557,0.518,0.526,0.573,0.567,0.574,0.600,0.594,0.557,0.569,0.567,0.547,0.667,0.630,0.593,0.559,0.541,0.579,0.537,0.620,0.654,0.657,0.689,0.636,0.740,0.720,0.634,0.640,0.628,0.634,0.681,0.683,0.730,0.683,0.669,0.638,0.661,0.616,0.638,0.679,0.669,0.652,0.667,0.659,0.592,0.589,0.561,0.510,0.551,0.551,0.524,0.500,0.542,0.504,0.636,0.630,0.671,0.754,0.744,0.839,0.839,0.782,0.868,0.835,0.858,0.829,0.837,0.848,0.772,0.797,0.927,0.876,0.876,0.831,0.803,0.821,0.868,0.852,0.772,0.813,0.874,0.841,0.870,0.844,0.813,0.864,0.833,0.819,0.829,0.862,0.876,0.856,0.868,0.852,0.856,0.884,0.805,0.797,0.852,0.848,0.850
37.500,0.783,0.756,0.781,0.734,0.685,0.713,0.717,0.721,0.681,0.671,0.654,0.628,0.502,0.457,0.433,0.413,0.394,0.418,0.358,0.349,0.616,0.618,0.453,0.620,0.358,0.352,0.394,0.360,0.327,0.339,0.287,0.331,0.378,0.378,0.535,0.531,0.587,0.427,0.386,0.299,0.486,0.431,0.596,0.722,0.715,0.756,0.693,0.418,0.484,0.506,0.480,0.459,0.392,0.419,0.469,0.441,0.498,0.443,0.510,0.488,0.522,0.514,0.598,0.600,0.610,0.636,0.577,0.545,0.628,0.640,0.553,0.559,0.563,0.571,0.589,0.575,0.575,0.565,0.636,0.626,0.616,0.671,0.699,0.734,0.707,0.781,0.638,0.642,0.626,0.671,0.650,0.659,0.656,0.624,0.665,0.624,0.632,0.640,0.657,0.693,0.622,0.591,0.659,0.602,0.612,0.593,0.602,0.587,0.490,0.541,0.531,0.522,0.636,0.705,0.721,0.766,0.795,0.756,0.801,0.791,0.833,0.805,0.833,0.815,0.846,0.850,0.813,0.821,0.854,0.872,0.795,0.778,0.807,0.789,0.815,0.801,0.782,0.850,0.813,0.801,0.837,0.817,0.803,0.815,0.813,0.805,0.776,0.854,0.824,0.777,0.813,0.827,0.856,0.839,0.787,0.837,0.781,0.811,0.803,0.821
37.000,0.775,0.764,0.762,0.728,0.742,0.677,0.717,0.683,0.618,0.736,0.636,0.624,0.628,0.544,0.494,0.522,0.433,0.380,0.453,0.412,0.496,0.549,0.715,0.319,0.278,0.366,0.327,0.372,0.297,0.315,0.331,0.360,0.317,0.362,0.453,0.388,0.362,0.380,0.309,0.305,0.402,0.376,0.443,0.524,0.565,0.665,0.758,0.518,0.427,0.675,0.575,0.494,0.441,0.482,0.437,0.417,0.494,0.469,0.470,0.433,0.486,0.547,0.531,0.604,0.610,0.581,0.557,0.585,0.612,0.612,0.575,0.579,0.573,0.528,0.557,0.575,0.573,0.571,0.557,0.567,0.628,0.632,0.630,0.602,0.628,0.697,0.681,0.638,0.640,0.636,0.616,0.626,0.651,0.630,0.632,0.640,0.606,0.624,0.598,0.646,0.573,0.561,0.500,0.557,0.480,0.547,0.530,0.498,0.518,0.504,0.555,0.667,0.701,0.752,0.740,0.837,0.896,0.901,0.841,0.801,0.837,0.807,0.839,0.843,0.837,0.807,0.858,0.835,0.764,0.821,0.781,0.784,0.766,0.772,0.766,0.807,0.809,0.839,0.805,0.856,0.843,0.815,0.815,0.819,0.817,0.758,0.766,0.703,0.791,0.858,0.791,0.791,0.829,0.768,0.783,0.768,0.813,0.801,0.848,0.844
36.500,0.787,0.764,0.756,0.770,0.714,0.675,0.663,0.571,0.622,0.610,0.648,0.634,0.545,0.620,0.519,0.551,0.352,0.453,0.392,0.488,0.398,0.524,0.587,0.445,0.238,0.252,0.268,0.309,0.293,0.285,0.293,0.256,0.333,0.291,0.366,0.435,0.417,0.323,0.343,0.370,0.353,0.480,0.398,0.386,0.443,0.502,0.575,0.717,0.445,0.738,0.547,0.453,0.480,0.441,0.431,0.394,0.474,0.506,0.504,0.433,0.551,0.498,0.536,0.596,0.626,0.646,0.543,0.559,0.620,0.624,0.591,0.600,0.545,0.510,0.508,0.506,0.547,0.520,0.563,0.595,0.657,0.585,0.701,0.600,0.667,0.667,0.655,0.677,0.673,0.669,0.594,0.630,0.620,0.628,0.630,0.628,0.634,0.579,0.565,0.573,0.576,0.586,0.559,0.577,0.529,0.520,0.565,0.528,0.567,0.543,0.600,0.706,0.744,0.803,0.815,0.864,0.860,0.811,0.799,0.809,0.776,0.807,0.784,0.797,0.852,0.809,0.801,0.799,0.795,0.811,0.783,0.774,0.770,0.813,0.728,0.744,0.750,0.805,0.752,0.797,0.837,0.819,0.805,0.791,0.744,0.774,0.746,0.748,0.744,0.785,0.783,0.730,0.764,0.789,0.825,0.815,0.756,0.817,0.805,0.805
36.000,0.825,0.856,0.817,0.776,0.729,0.652,0.667,0.642,0.636,0.607,0.608,0.634,0.597,0.620,0.530,0.484,0.370,0.376,0.382,0.439,0.423,0.465,0.630,0.537,0.232,0.260,0.213,0.211,0.360,0.232,0.226,0.295,0.282,0.339,0.368,0.541,0.376,0.431,0.364,0.392,0.404,0.382,0.478,0.447,0.398,0.445,0.498,0.492,0.425,0.620,0.463,0.447,0.443,0.431,0.406,0.465,0.419,0.486,0.465,0.514,0.488,0.555,0.504,0.575,0.589,0.565,0.583,0.539,0.614,0.620,0.602,0.655,0.508,0.575,0.526,0.502,0.522,0.504,0.683,0.600,0.632,0.659,0.663,0.630,0.624,0.632,0.626,0.608,0.528,0.594,0.587,0.632,0.616,0.603,0.585,0.585,0.654,0.630,0.539,0.565,0.604,0.531,0.490,0.488,0.577,0.531,0.557,0.610,0.537,0.555,0.661,0.744,0.754,0.740,0.776,0.756,0.797,0.807,0.768,0.786,0.784,0.791,0.764,0.750,0.705,0.779,0.726,0.815,0.780,0.764,0.815,0.734,0.756,0.718,0.738,0.752,0.813,0.744,0.748,0.754,0.839,0.811,0.778,0.787,0.715,0.780,0.730,0.756,0.726,0.724,0.715,0.734,0.715,0.772,0.754,0.783,0.795,0.817,0.760,0.782
35.500,0.843,0.827,0.764,0.734,0.746,0.734,0.724,0.711,0.679,0.620,0.584,0.616,0.640,0.618,0.589,0.582,0.510,0.352,0.327,0.342,0.405,0.443,0.523,0.508,0.234,0.208,0.191,0.234,0.240,0.254,0.213,0.278,0.282,0.366,0.374,0.378,0.402,0.347,0.357,0.364,0.396,0.457,0.504,0.482,0.417,0.402,0.522,0.435,0.652,0.472,0.407,0.378,0.344,0.413,0.427,0.413,0.441,0.437,0.498,0.470,0.469,0.488,0.496,0.577,0.557,0.545,0.533,0.498,0.510,0.553,0.581,0.543,0.579,0.559,0.514,0.482,0.518,0.616,0.626,0.650,0.567,0.647,0.612,0.628,0.622,0.638,0.600,0.549,0.598,0.579,0.596,0.632,0.655,0.640,0.604,0.644,0.567,0.626,0.592,0.600,0.593,0.510,0.565,0.565,0.571,0.516,0.593,0.589,0.516,0.520,0.750,0.719,0.715,0.771,0.725,0.764,0.772,0.748,0.774,0.736,0.776,0.770,0.772,0.738,0.722,0.718,0.742,0.752,0.774,0.776,0.785,0.801,0.711,0.683,0.734,0.697,0.712,0.730,0.707,0.746,0.752,0.797,0.756,0.774,0.756,0.738,0.709,0.775,0.742,0.707,0.754,0.780,0.797,0.780,0.797,0.795,0.791,0.746,0.713,0.779
35.000,0.744,0.768,0.778,0.701,0.726,0.687,0.677,0.626,0.677,0.665,0.677,0.620,0.579,0.667,0.523,0.630,0.447,0.463,0.372,0.398,0.390,0.388,0.482,0.431,0.236,0.284,0.250,0.226,0.238,0.276,0.258,0.350,0.344,0.376,0.388,0.346,0.462,0.360,0.346,0.346,0.396,0.427,0.433,0.455,0.429,0.416,0.425,0.390,0.476,0.417,0.350,0.386,0.382,0.386,0.398,0.457,0.443,0.476,0.472,0.494,0.484,0.500,0.528,0.463,0.500,0.480,0.518,0.537,0.528,0.569,0.577,0.583,0.557,0.537,0.535,0.520,0.536,0.643,0.699,0.604,0.636,0.640,0.644,0.626,0.624,0.648,0.608,0.581,0.585,0.628,0.634,0.587,0.622,0.667,0.626,0.585,0.561,0.618,0.648,0.545,0.589,0.555,0.547,0.541,0.599,0.577,0.589,0.504,0.437,0.537,0.630,0.736,0.742,0.740,0.754,0.738,0.740,0.691,0.740,0.740,0.729,0.725,0.707,0.728,0.724,0.728,0.715,0.746,0.709,0.723,0.681,0.742,0.705,0.693,0.754,0.756,0.726,0.766,0.716,0.713,0.665,0.719,0.726,0.713,0.705,0.724,0.746,0.793,0.768,0.748,0.793,0.764,0.754,0.768,0.724,0.762,0.679,0.697,0.681,0.671
34.500,0.756,0.797,0.772,0.711,0.689,0.630,0.685,0.663,0.626,0.650,0.640,0.620,0.675,0.695,0.662,0.650,0.518,0.500,0.465,0.354,0.366,0.374,0.402,0.266,0.244,0.244,0.212,0.272,0.278,0.171,0.276,0.228,0.309,0.352,0.341,0.370,0.413,0.400,0.346,0.352,0.374,0.394,0.433,0.415,0.410,0.472,0.409,0.370,0.394,0.376,0.368,0.352,0.386,0.390,0.411,0.447,0.459,0.435,0.449,0.447,0.474,0.474,0.502,0.514,0.517,0.573,0.508,0.543,0.620,0.563,0.555,0.567,0.579,0.569,0.539,0.586,0.683,0.628,0.721,0.614,0.581,0.622,0.626,0.585,0.600,0.577,0.616,0.594,0.565,0.557,0.612,0.602,0.616,0.579,0.596,0.630,0.606,0.612,0.632,0.604,0.606,0.593,0.539,0.598,0.622,0.569,0.464,0.514,0.508,0.612,0.717,0.734,0.770,0.683,0.701,0.717,0.659,0.644,0.675,0.669,0.677,0.669,0.746,0.748,0.723,0.669,0.699,0.719,0.701,0.651,0.701,0.705,0.671,0.677,0.677,0.695,0.715,0.774,0.774,0.701,0.713,0.738,0.703,0.719,0.748,0.734,0.719,0.691,0.720,0.707,0.752,0.722,0.748,0.752,0.748,0.734,0.748,0.697,0.671,0.661
34.000,0.768,0.750,0.746,0.711,0.693,0.719,0.730,0.648,0.726,0.661,0.707,0.695,0.699,0.665,0.651,0.634,0.593,0.565,0.510,0.370,0.402,0.317,0.364,0.396,0.431,0.321,0.232,0.244,0.181,0.157,0.224,0.191,0.230,0.315,0.358,0.354,0.392,0.413,0.421,0.382,0.354,0.376,0.463,0.449,0.429,0.366,0.370,0.384,0.354,0.358,0.417,0.348,0.419,0.406,0.415,0.404,0.443,0.445,0.437,0.429,0.490,0.496,0.492,0.488,0.482,0.492,0.500,0.571,0.563,0.599,0.608,0.573,0.530,0.553,0.569,0.584,0.616,0.705,0.618,0.618,0.608,0.573,0.626,0.593,0.579,0.612,0.599,0.573,0.599,0.581,0.565,0.597,0.585,0.628,0.581,0.650,0.628,0.604,0.630,0.648,0.606,0.620,0.600,0.638,0.551,0.478,0.437,0.526,0.624,0.717,0.687,0.764,0.640,0.653,0.677,0.718,0.650,0.675,0.636,0.640,0.701,0.685,0.724,0.724,0.663,0.699,0.669,0.701,0.693,0.726,0.727,0.671,0.695,0.697,0.699,0.661,0.705,0.689,0.701,0.711,0.661,0.689,0.726,0.736,0.701,0.721,0.732,0.707,0.720,0.705,0.665,0.709,0.683,0.675,0.707,0.691,0.648,0.656,0.681,0.651
33.500,0.758,0.748,0.667,0.742,0.709,0.738,0.709,0.703,0.658,0.701,0.691,0.640,0.650,0.732,0.659,0.659,0.604,0.630,0.524,0.512,0.419,0.474,0.413,0.321,0.372,0.342,0.333,0.223,0.199,0.181,0.256,0.217,0.264,0.270,0.280,0.262,0.311,0.378,0.398,0.362,0.401,0.451,0.331,0.358,0.342,0.372,0.327,0.343,0.335,0.388,0.360,0.372,0.346,0.368,0.372,0.358,0.382,0.400,0.396,0.451,0.451,0.449,0.490,0.443,0.439,0.479,0.516,0.559,0.518,0.595,0.527,0.555,0.573,0.518,0.551,0.588,0.557,0.664,0.608,0.630,0.569,0.600,0.579,0.587,0.587,0.626,0.606,0.551,0.573,0.610,0.567,0.610,0.594,0.551,0.616,0.583,0.659,0.646,0.632,0.612,0.667,0.502,0.541,0.549,0.553,0.484,0.504,0.583,0.726,0.738,0.736,0.677,0.626,0.636,0.673,0.626,0.673,0.675,0.608,0.622,0.665,0.614,0.665,0.687,0.628,0.650,0.640,0.636,0.657,0.673,0.685,0.701,0.671,0.648,0.659,0.638,0.641,0.659,0.650,0.663,0.650,0.612,0.687,0.663,0.650,0.596,0.640,0.673,0.692,0.667,0.687,0.677,0.713,0.675,0.705,0.689,0.673,0.683,0.679,0.697
33.000,0.756,0.764,0.697,0.744,0.726,0.760,0.766,0.722,0.675,0.707,0.654,0.679,0.667,0.668,0.624,0.667,0.671,0.526,0.543,0.494,0.475,0.433,0.471,0.392,0.374,0.315,0.317,0.244,0.152,0.154,0.185,0.201,0.146,0.126,0.221,0.313,0.307,0.323,0.352,0.358,0.345,0.317,0.303,0.348,0.402,0.335,0.311,0.340,0.409,0.370,0.299,0.301,0.368,0.382,0.372,0.346,0.378,0.394,0.404,0.386,0.419,0.396,0.449,0.419,0.531,0.502,0.528,0.539,0.559,0.557,0.567,0.514,0.583,0.594,0.551,0.565,0.541,0.586,0.648,0.624,0.579,0.583,0.587,0.598,0.608,0.591,0.584,0.563,0.594,0.559,0.545,0.598,0.581,0.561,0.598,0.622,0.592,0.634,0.583,0.581,0.604,0.583,0.528,0.510,0.579,0.602,0.667,0.726,0.703,0.697,0.707,0.665,0.671,0.646,0.636,0.602,0.667,0.618,0.643,0.608,0.624,0.675,0.657,0.687,0.697,0.656,0.630,0.648,0.638,0.636,0.685,0.675,0.691,0.646,0.699,0.656,0.707,0.695,0.667,0.624,0.638,0.604,0.616,0.652,0.628,0.646,0.685,0.705,0.630,0.662,0.693,0.661,0.722,0.648,0.701,0.652,0.632,0.691,0.691,0.640
32.500,0.691,0.742,0.754,0.789,0.772,0.752,0.720,0.695,0.685,0.691,0.663,0.606,0.720,0.715,0.642,0.591,0.583,0.602,0.512,0.502,0.510,0.457,0.514,0.461,0.451,0.386,0.319,0.213,0.213,0.207,0.213,0.138,0.181,0.225,0.220,0.195,0.238,0.262,0.266,0.297,0.222,0.238,0.248,0.331,0.346,0.276,0.303,0.323,0.390,0.410,0.366,0.287,0.329,0.374,0.399,0.410,0.362,0.386,0.386,0.386,0.492,0.392,0.433,0.471,0.494,0.561,0.530,0.537,0.612,0.569,0.563,0.569,0.642,0.595,0.563,0.528,0.628,0.530,0.567,0.543,0.559,0.561,0.591,0.573,0.573,0.549,0.591,0.526,0.533,0.587,0.539,0.583,0.541,0.547,0.565,0.573,0.628,0.626,0.573,0.624,0.516,0.504,0.528,0.533,0.630,0.636,0.689,0.687,0.646,0.720,0.654,0.633,0.630,0.591,0.624,0.559,0.604,0.577,0.567,0.638,0.626,0.626,0.667,0.650,0.711,0.622,0.640,0.628,0.657,0.644,0.655,0.699,0.622,0.648,0.675,0.648,0.695,0.683,0.628,0.654,0.677,0.675,0.644,0.691,0.669,0.616,0.610,0.687,0.669,0.709,0.720,0.683,0.711,0.691,0.673,0.656,0.691,0.717,0.648,0.598
32.000,0.732,0.758,0.744,0.793,0.707,0.746,0.659,0.709,0.632,0.675,0.685,0.683,0.667,0.699,0.608,0.618,0.634,0.624,0.557,0.537,0.488,0.537,0.464,0.506,0.524,0.459,0.323,0.242,0.149,0.203,0.142,0.195,0.217,0.155,0.159,0.159,0.205,0.219,0.278,0.260,0.289,0.281,0.274,0.256,0.274,0.248,0.313,0.276,0.370,0.303,0.297,0.285,0.309,0.352,0.378,0.382,0.400,0.376,0.428,0.469,0.478,0.427,0.433,0.419,0.474,0.472,0.531,0.538,0.516,0.589,0.541,0.557,0.557,0.569,0.591,0.608,0.620,0.530,0.535,0.579,0.585,0.563,0.555,0.587,0.626,0.532,0.535,0.563,0.516,0.565,0.547,0.594,0.561,0.520,0.575,0.612,0.626,0.626,0.563,0.476,0.498,0.490,0.628,0.646,0.715,0.742,0.726,0.671,0.683,0.699,0.626,0.646,0.668,0.608,0.559,0.593,0.657,0.636,0.594,0.593,0.656,0.622,0.624,0.626,0.642,0.665,0.612,0.667,0.671,0.652,0.667,0.624,0.669,0.689,0.642,0.695,0.661,0.722,0.622,0.630,0.624,0.608,0.624,0.697,0.659,0.626,0.707,0.697,0.661,0.598,0.642,0.671,0.732,0.646,0.710,0.679,0.693,0.642,0.683,0.614
31.500,0.756,0.770,0.756,0.754,0.750,0.673,0.650,0.620,0.650,0.656,0.663,0.758,0.695,0.671,0.636,0.642,0.614,0.604,0.557,0.565,0.502,0.537,0.620,0.520,0.543,0.526,0.413,0.244,0.183,0.142,0.181,0.201,0.206,0.219,0.153,0.189,0.167,0.187,0.230,0.236,0.242,0.323,0.244,0.254,0.226,0.220,0.209,0.283,0.285,0.280,0.276,0.272,0.354,0.366,0.346,0.307,0.348,0.354,0.378,0.419,0.388,0.453,0.470,0.451,0.461,0.494,0.604,0.506,0.516,0.516,0.591,0.553,0.563,0.632,0.600,0.585,0.549,0.527,0.520,0.530,0.547,0.541,0.604,0.630,0.518,0.618,0.561,0.569,0.543,0.540,0.606,0.624,0.537,0.626,0.624,0.626,0.612,0.569,0.494,0.463,0.484,0.590,0.656,0.657,0.725,0.687,0.650,0.722,0.687,0.671,0.598,0.634,0.636,0.648,0.624,0.612,0.638,0.644,0.591,0.636,0.626,0.624,0.597,0.650,0.606,0.655,0.640,0.636,0.630,0.648,0.526,0.618,0.618,0.638,0.616,0.646,0.612,0.642,0.597,0.610,0.661,0.626,0.638,0.650,0.642,0.699,0.675,0.630,0.673,0.663,0.667,0.663,0.691,0.640,0.709,0.711,0.693,0.669,0.606,0.626
31.000,0.724,0.760,0.776,0.792,0.732,0.773,0.703,0.652,0.597,0.665,0.669,0.677,0.669,0.640,0.638,0.640,0.604,0.573,0.537,0.514,0.533,0.567,0.567,0.614,0.618,0.606,0.502,0.264,0.187,0.126,0.136,0.169,0.211,0.169,0.114,0.138,0.156,0.185,0.205,0.252,0.207,0.268,0.319,0.272,0.254,0.260,0.238,0.305,0.315,0.317,0.317,0.343,0.305,0.287,0.342,0.277,0.350,0.370,0.376,0.370,0.407,0.447,0.384,0.479,0.521,0.529,0.537,0.516,0.581,0.551,0.594,0.553,0.569,0.551,0.575,0.587,0.539,0.549,0.567,0.526,0.579,0.573,0.579,0.612,0.567,0.606,0.634,0.600,0.659,0.576,0.563,0.626,0.626,0.646,0.624,0.626,0.624,0.553,0.417,0.498,0.604,0.620,0.628,0.667,0.650,0.667,0.693,0.707,0.659,0.644,0.646,0.701,0.618,0.616,0.628,0.595,0.616,0.604,0.594,0.555,0.602,0.583,0.663,0.661,0.673,0.659,0.648,0.602,0.575,0.569,0.549,0.583,0.602,0.650,0.659,0.624,0.610,0.581,0.677,0.630,0.683,0.656,0.626,0.669,0.646,0.620,0.594,0.612,0.636,0.638,0.728,0.659,0.691,0.649,0.654,0.653,0.650,0.596,0.630,0.652
30.500,0.756,0.715,0.719,0.699,0.758,0.754,0.783,0.654,0.656,0.673,0.744,0.657,0.650,0.693,0.683,0.687,0.543,0.630,0.618,0.559,0.614,0.614,0.565,0.593,0.602,0.597,0.535,0.411,0.193,0.124,0.138,0.130,0.191,0.174,0.138,0.136,0.128,0.191,0.234,0.201,0.272,0.276,0.222,0.276,0.278,0.262,0.248,0.228,0.276,0.270,0.260,0.362,0.321,0.315,0.329,0.347,0.337,0.392,0.374,0.378,0.374,0.419,0.463,0.451,0.535,0.593,0.581,0.598,0.614,0.563,0.612,0.616,0.586,0.586,0.567,0.612,0.585,0.551,0.559,0.565,0.555,0.577,0.602,0.624,0.624,0.651,0.595,0.579,0.685,0.630,0.602,0.636,0.626,0.662,0.665,0.616,0.573,0.506,0.494,0.453,0.608,0.622,0.650,0.687,0.642,0.636,0.622,0.654,0.665,0.614,0.622,0.612,0.620,0.589,0.640,0.608,0.553,0.520,0.583,0.553,0.622,0.608,0.599,0.579,0.596,0.663,0.589,0.594,0.600,0.596,0.577,0.610,0.612,0.618,0.608,0.610,0.659,0.640,0.626,0.670,0.624,0.569,0.583,0.648,0.610,0.626,0.600,0.640,0.585,0.624,0.620,0.571,0.610,0.636,0.581,0.622,0.689,0.652,0.594,0.598
30.000,0.758,0.778,0.685,0.740,0.748,0.715,0.736,0.671,0.675,0.654,0.663,0.675,0.691,0.657,0.689,0.642,0.528,0.516,0.590,0.593,0.628,0.679,0.561,0.541,0.600,0.587,0.522,0.575,0.244,0.144,0.157,0.140,0.144,0.134,0.130,0.181,0.136,0.187,0.240,0.248,0.266,0.207,0.212,0.248,0.250,0.252,0.258,0.273,0.269,0.309,0.283,0.270,0.311,0.295,0.299,0.325,0.339,0.437,0.415,0.413,0.417,0.400,0.376,0.465,0.569,0.575,0.610,0.636,0.579,0.612,0.581,0.644,0.628,0.636,0.671,0.685,0.577,0.561,0.537,0.468,0.547,0.536,0.579,0.608,0.557,0.657,0.657,0.594,0.561,0.602,0.618,0.624,0.618,0.648,0.683,0.642,0.610,0.555,0.565,0.567,0.610,0.616,0.628,0.646,0.636,0.644,0.642,0.630,0.620,0.608,0.593,0.675,0.592,0.581,0.518,0.514,0.557,0.565,0.579,0.528,0.531,0.563,0.616,0.663,0.646,0.638,0.549,0.610,0.608,0.540,0.508,0.528,0.642,0.610,0.640,0.555,0.581,0.590,0.648,0.644,0.616,0.555,0.610,0.689,0.620,0.595,0.618,0.642,0.598,0.630,0.616,0.559,0.561,0.571,0.620,0.579,0.614,0.649,0.648,0.685
29.500,0.681,0.722,0.762,0.724,0.691,0.709,0.683,0.760,0.654,0.701,0.691,0.699,0.650,0.640,0.683,0.644,0.677,0.646,0.636,0.667,0.589,0.591,0.640,0.565,0.606,0.575,0.549,0.504,0.480,0.114,0.120,0.169,0.167,0.130,0.162,0.146,0.144,0.140,0.211,0.230,0.236,0.256,0.311,0.297,0.258,0.272,0.270,0.252,0.244,0.248,0.258,0.270,0.252,0.272,0.276,0.311,0.352,0.415,0.421,0.409,0.431,0.449,0.421,0.463,0.490,0.604,0.545,0.555,0.636,0.703,0.642,0.681,0.571,0.565,0.555,0.569,0.573,0.551,0.622,0.537,0.537,0.537,0.535,0.506,0.514,0.530,0.518,0.514,0.476,0.512,0.547,0.494,0.518,0.630,0.671,0.630,0.596,0.541,0.413,0.543,0.626,0.614,0.628,0.626,0.683,0.612,0.583,0.638,0.638,0.575,0.656,0.612,0.644,0.600,0.596,0.539,0.545,0.559,0.573,0.545,0.595,0.634,0.549,0.628,0.559,0.563,0.585,0.597,0.606,0.583,0.551,0.553,0.583,0.591,0.594,0.565,0.581,0.671,0.650,0.616,0.593,0.594,0.661,0.600,0.648,0.655,0.636,0.634,0.593,0.602,0.571,0.603,0.612,0.585,0.614,0.575,0.626,0.604,0.575,0.589
29.000,0.703,0.695,0.677,0.659,0.691,0.705,0.726,0.724,0.724,0.701,0.732,0.722,0.620,0.701,0.656,0.610,0.667,0.644,0.612,0.614,0.616,0.589,0.632,0.657,0.612,0.614,0.531,0.530,0.480,0.354,0.220,0.159,0.120,0.173,0.165,0.175,0.130,0.177,0.166,0.250,0.244,0.226,0.252,0.280,0.240,0.256,0.236,0.256,0.240,0.242,0.230,0.195,0.242,0.264,0.266,0.329,0.376,0.398,0.504,0.427,0.431,0.443,0.461,0.459,0.528,0.537,0.593,0.610,0.634,0.677,0.565,0.545,0.526,0.512,0.541,0.490,0.447,0.549,0.599,0.516,0.561,0.567,0.571,0.561,0.547,0.630,0.563,0.585,0.565,0.484,0.502,0.429,0.449,0.469,0.634,0.622,0.561,0.583,0.431,0.480,0.618,0.598,0.701,0.626,0.598,0.632,0.622,0.604,0.596,0.581,0.616,0.616,0.596,0.573,0.610,0.600,0.530,0.559,0.531,0.581,0.555,0.553,0.616,0.593,0.549,0.600,0.652,0.585,0.596,0.561,0.539,0.504,0.514,0.518,0.543,0.549,0.543,0.524,0.636,0.589,0.577,0.636,0.600,0.689,0.654,0.620,0.605,0.569,0.608,0.594,0.642,0.584,0.624,0.642,0.602,0.531,0.628,0.555,0.583,0.569
28.500,0.758,0.742,0.720,0.713,0.691,0.718,0.746,0.724,0.715,0.744,0.656,0.665,0.677,0.616,0.671,0.720,0.618,0.657,0.618,0.626,0.650,0.575,0.620,0.502,0.447,0.561,0.549,0.498,0.498,0.482,0.374,0.224,0.140,0.201,0.215,0.173,0.152,0.197,0.134,0.185,0.252,0.165,0.238,0.163,0.228,0.252,0.224,0.285,0.268,0.252,0.224,0.270,0.317,0.254,0.189,0.268,0.441,0.480,0.506,0.431,0.372,0.400,0.467,0.427,0.537,0.620,0.573,0.610,0.598,0.541,0.500,0.543,0.583,0.492,0.510,0.451,0.494,0.476,0.474,0.492,0.522,0.502,0.551,0.616,0.606,0.596,0.628,0.628,0.646,0.565,0.506,0.508,0.414,0.421,0.429,0.512,0.496,0.565,0.498,0.384,0.595,0.640,0.636,0.657,0.665,0.610,0.624,0.602,0.618,0.516,0.537,0.547,0.630,0.632,0.642,0.547,0.539,0.571,0.559,0.571,0.577,0.632,0.577,0.575,0.581,0.561,0.571,0.618,0.595,0.531,0.500,0.468,0.545,0.506,0.520,0.555,0.535,0.567,0.579,0.630,0.685,0.634,0.656,0.711,0.638,0.610,0.640,0.594,0.587,0.537,0.571,0.606,0.575,0.516,0.575,0.575,0.620,0.606,0.602,0.575
28.000,0.740,0.720,0.738,0.723,0.716,0.785,0.797,0.725,0.671,0.695,0.677,0.667,0.734,0.740,0.663,0.620,0.689,0.659,0.685,0.701,0.651,0.598,0.616,0.573,0.583,0.535,0.547,0.534,0.573,0.512,0.386,0.409,0.167,0.122,0.291,0.278,0.262,0.163,0.154,0.195,0.226,0.201,0.209,0.246,0.295,0.297,0.293,0.224,0.240,0.201,0.311,0.238,0.244,0.254,0.266,0.228,0.329,0.457,0.409,0.425,0.433,0.470,0.415,0.386,0.533,0.598,0.524,0.490,0.567,0.571,0.500,0.622,0.531,0.579,0.559,0.528,0.530,0.494,0.488,0.530,0.579,0.575,0.614,0.600,0.583,0.596,0.622,0.624,0.581,0.616,0.508,0.394,0.349,0.380,0.433,0.531,0.634,0.610,0.563,0.437,0.563,0.638,0.581,0.555,0.581,0.571,0.581,0.474,0.537,0.573,0.533,0.577,0.618,0.594,0.593,0.551,0.573,0.522,0.596,0.545,0.600,0.575,0.616,0.634,0.569,0.598,0.579,0.541,0.618,0.521,0.537,0.522,0.531,0.492,0.595,0.567,0.541,0.606,0.612,0.598,0.650,0.598,0.606,0.660,0.606,0.606,0.608,0.606,0.587,0.571,0.526,0.600,0.575,0.565,0.581,0.640,0.579,0.530,0.589,0.537
27.500,0.703,0.677,0.722,0.711,0.697,0.750,0.726,0.679,0.699,0.671,0.720,0.701,0.644,0.665,0.671,0.659,0.634,0.667,0.602,0.612,0.632,0.575,0.585,0.655,0.567,0.537,0.486,0.478,0.565,0.344,0.274,0.313,0.197,0.118,0.228,0.258,0.283,0.270,0.270,0.177,0.207,0.238,0.199,0.213,0.252,0.246,0.228,0.240,0.252,0.250,0.258,0.329,0.242,0.203,0.219,0.270,0.364,0.346,0.358,0.415,0.407,0.476,0.443,0.429,0.569,0.587,0.480,0.524,0.581,0.604,0.648,0.573,0.600,0.614,0.608,0.614,0.618,0.551,0.563,0.587,0.626,0.630,0.596,0.608,0.606,0.600,0.585,0.656,0.567,0.608,0.526,0.402,0.378,0.354,0.478,0.563,0.610,0.598,0.606,0.482,0.547,0.573,0.575,0.520,0.500,0.589,0.585,0.543,0.463,0.577,0.575,0.636,0.604,0.606,0.531,0.530,0.555,0.559,0.553,0.536,0.585,0.584,0.494,0.559,0.594,0.561,0.553,0.563,0.476,0.588,0.547,0.508,0.589,0.524,0.565,0.585,0.585,0.553,0.569,0.581,0.587,0.526,0.571,0.604,0.622,0.568,0.559,0.561,0.614,0.565,0.565,0.577,0.551,0.524,0.561,0.563,0.543,0.526,0.591,0.510
27.000,0.728,0.722,0.724,0.721,0.784,0.744,0.770,0.701,0.772,0.724,0.724,0.654,0.683,0.652,0.620,0.638,0.638,0.677,0.677,0.667,0.642,0.630,0.632,0.593,0.559,0.522,0.565,0.494,0.526,0.398,0.287,0.144,0.185,0.146,0.216,0.252,0.187,0.213,0.167,0.185,0.193,0.191,0.177,0.219,0.242,0.228,0.289,0.242,0.197,0.171,0.213,0.256,0.226,0.165,0.222,0.223,0.343,0.313,0.323,0.478,0.482,0.482,0.433,0.469,0.492,0.486,0.500,0.571,0.620,0.634,0.632,0.610,0.661,0.551,0.512,0.484,0.500,0.530,0.561,0.608,0.592,0.640,0.681,0.671,0.618,0.632,0.681,0.659,0.638,0.596,0.579,0.431,0.388,0.347,0.360,0.616,0.642,0.539,0.650,0.632,0.524,0.561,0.535,0.577,0.516,0.539,0.508,0.528,0.567,0.555,0.628,0.587,0.537,0.535,0.526,0.535,0.581,0.620,0.575,0.523,0.553,0.573,0.516,0.547,0.612,0.498,0.496,0.506,0.528,0.541,0.478,0.506,0.561,0.577,0.559,0.534,0.559,0.575,0.681,0.606,0.618,0.533,0.596,0.587,0.565,0.510,0.549,0.547,0.592,0.520,0.510,0.628,0.588,0.549,0.502,0.557,0.528,0.524,0.508,0.537
26.500,0.734,0.725,0.705,0.725,0.720,0.787,0.730,0.719,0.780,0.728,0.641,0.713,0.634,0.638,0.657,0.663,0.640,0.681,0.638,0.685,0.622,0.589,0.646,0.606,0.583,0.553,0.528,0.549,0.551,0.516,0.372,0.264,0.250,0.191,0.136,0.203,0.183,0.297,0.246,0.283,0.228,0.230,0.183,0.191,0.197,0.191,0.285,0.313,0.264,0.264,0.211,0.187,0.142,0.148,0.205,0.256,0.289,0.293,0.309,0.423,0.518,0.492,0.561,0.504,0.553,0.470,0.557,0.600,0.567,0.638,0.620,0.587,0.616,0.573,0.579,0.581,0.549,0.459,0.555,0.575,0.600,0.634,0.628,0.716,0.651,0.665,0.628,0.651,0.638,0.573,0.504,0.443,0.421,0.346,0.368,0.494,0.591,0.614,0.427,0.744,0.618,0.530,0.410,0.467,0.513,0.573,0.563,0.571,0.533,0.545,0.602,0.561,0.598,0.530,0.506,0.549,0.551,0.532,0.573,0.524,0.457,0.510,0.520,0.502,0.516,0.553,0.526,0.555,0.522,0.541,0.636,0.524,0.594,0.596,0.555,0.470,0.547,0.583,0.638,0.606,0.612,0.519,0.512,0.553,0.616,0.620,0.618,0.547,0.555,0.557,0.539,0.490,0.510,0.593,0.524,0.516,0.520,0.557,0.579,0.476
26.000,0.715,0.707,0.705,0.707,0.722,0.760,0.709,0.805,0.736,0.724,0.699,0.709,0.726,0.703,0.667,0.681,0.711,0.640,0.610,0.577,0.624,0.600,0.587,0.569,0.663,0.559,0.598,0.612,0.526,0.518,0.492,0.376,0.246,0.213,0.293,0.167,0.154,0.272,0.301,0.301,0.283,0.339,0.209,0.231,0.278,0.256,0.262,0.334,0.289,0.252,0.175,0.156,0.157,0.138,0.246,0.266,0.215,0.299,0.274,0.411,0.437,0.467,0.480,0.539,0.583,0.553,0.482,0.598,0.549,0.644,0.646,0.620,0.587,0.547,0.522,0.504,0.575,0.547,0.577,0.537,0.626,0.632,0.622,0.681,0.657,0.652,0.642,0.660,0.642,0.661,0.600,0.500,0.417,0.395,0.374,0.274,0.520,0.699,0.628,0.758,0.616,0.594,0.496,0.449,0.473,0.600,0.543,0.482,0.514,0.539,0.518,0.561,0.506,0.514,0.545,0.526,0.522,0.549,0.545,0.496,0.516,0.518,0.494,0.549,0.569,0.520,0.561,0.575,0.512,0.573,0.555,0.640,0.587,0.602,0.614,0.504,0.522,0.530,0.620,0.575,0.553,0.521,0.522,0.543,0.616,0.604,0.514,0.537,0.547,0.533,0.500,0.592,0.579,0.549,0.510,0.514,0.573,0.555,0.530,0.510
25.500,0.768,0.742,0.742,0.748,0.711,0.764,0.721,0.746,0.703,0.732,0.699,0.738,0.715,0.720,0.748,0.730,0.677,0.644,0.681,0.667,0.689,0.656,0.646,0.657,0.573,0.624,0.608,0.529,0.547,0.533,0.539,0.457,0.384,0.339,0.250,0.270,0.142,0.266,0.315,0.357,0.376,0.219,0.209,0.240,0.290,0.295,0.305,0.333,0.337,0.226,0.293,0.285,0.207,0.197,0.203,0.217,0.246,0.313,0.343,0.468,0.504,0.451,0.522,0.535,0.608,0.624,0.557,0.640,0.638,0.583,0.549,0.534,0.500,0.543,0.543,0.581,0.541,0.496,0.543,0.527,0.535,0.577,0.583,0.600,0.634,0.651,0.665,0.660,0.675,0.551,0.583,0.470,0.382,0.374,0.313,0.332,0.311,0.534,0.626,0.657,0.528,0.514,0.413,0.398,0.459,0.512,0.527,0.463,0.512,0.516,0.537,0.510,0.531,0.490,0.493,0.492,0.543,0.539,0.563,0.594,0.516,0.528,0.490,0.569,0.512,0.559,0.571,0.541,0.604,0.644,0.640,0.624,0.571,0.571,0.604,0.603,0.652,0.642,0.661,0.571,0.532,0.567,0.573,0.524,0.565,0.484,0.522,0.486,0.472,0.563,0.537,0.531,0.553,0.585,0.486,0.581,0.545,0.545,0.553,0.557
25.000,0.791,0.752,0.786,0.770,0.787,0.821,0.756,0.740,0.736,0.756,0.742,0.742,0.734,0.726,0.738,0.707,0.703,0.715,0.720,0.689,0.705,0.630,0.677,0.620,0.648,0.616,0.636,0.594,0.551,0.549,0.596,0.531,0.467,0.435,0.384,0.350,0.156,0.134,0.297,0.309,0.362,0.321,0.376,0.228,0.254,0.256,0.274,0.224,0.220,0.280,0.268,0.278,0.248,0.305,0.234,0.278,0.343,0.291,0.400,0.435,0.553,0.502,0.455,0.504,0.581,0.537,0.567,0.626,0.622,0.620,0.582,0.594,0.565,0.549,0.583,0.612,0.537,0.555,0.563,0.518,0.559,0.524,0.565,0.600,0.665,0.699,0.660,0.671,0.675,0.624,0.537,0.530,0.457,0.313,0.319,0.315,0.291,0.335,0.667,0.516,0.494,0.423,0.315,0.360,0.433,0.457,0.500,0.494,0.443,0.435,0.417,0.512,0.571,0.533,0.508,0.488,0.526,0.520,0.553,0.612,0.506,0.525,0.504,0.557,0.533,0.557,0.596,0.522,0.683,0.640,0.534,0.626,0.593,0.569,0.537,0.632,0.543,0.545,0.581,0.486,0.508,0.477,0.482,0.486,0.518,0.510,0.478,0.510,0.526,0.567,0.549,0.506,0.512,0.530,0.506,0.549,0.457,0.520,0.575,0.472
24.500,0.709,0.736,0.701,0.791,0.785,0.774,0.736,0.772,0.750,0.787,0.805,0.785,0.760,0.797,0.764,0.707,0.652,0.717,0.712,0.724,0.693,0.648,0.638,0.654,0.677,0.640,0.594,0.604,0.596,0.567,0.522,0.569,0.472,0.470,0.421,0.413,0.124,0.169,0.152,0.293,0.362,0.408,0.404,0.317,0.242,0.274,0.258,0.199,0.280,0.266,0.266,0.429,0.272,0.254,0.250,0.291,0.378,0.339,0.333,0.329,0.479,0.477,0.419,0.469,0.512,0.467,0.599,0.624,0.589,0.524,0.606,0.510,0.474,0.567,0.601,0.559,0.583,0.555,0.474,0.512,0.457,0.465,0.537,0.539,0.585,0.651,0.673,0.608,0.598,0.612,0.579,0.472,0.370,0.295,0.334,0.287,0.215,0.311,0.425,0.455,0.480,0.423,0.291,0.488,0.488,0.395,0.413,0.482,0.411,0.376,0.392,0.465,0.516,0.506,0.567,0.606,0.565,0.549,0.571,0.600,0.472,0.508,0.536,0.610,0.541,0.543,0.526,0.581,0.516,0.545,0.601,0.622,0.589,0.563,0.589,0.563,0.577,0.616,0.482,0.481,0.482,0.524,0.504,0.484,0.521,0.476,0.530,0.577,0.514,0.498,0.457,0.466,0.445,0.457,0.470,0.506,0.494,0.512,0.512,0.500
24.000,0.805,0.726,0.717,0.746,0.787,0.781,0.768,0.786,0.797,0.766,0.785,0.748,0.801,0.788,0.740,0.657,0.679,0.707,0.697,0.730,0.732,0.783,0.695,0.665,0.695,0.681,0.640,0.628,0.608,0.606,0.571,0.531,0.535,0.504,0.419,0.366,0.284,0.183,0.220,0.345,0.289,0.352,0.441,0.321,0.348,0.250,0.226,0.226,0.270,0.236,0.285,0.244,0.266,0.254,0.305,0.307,0.293,0.305,0.293,0.349,0.354,0.439,0.467,0.518,0.575,0.531,0.547,0.535,0.514,0.533,0.500,0.553,0.459,0.526,0.498,0.589,0.563,0.441,0.455,0.447,0.486,0.419,0.433,0.482,0.553,0.642,0.563,0.626,0.553,0.502,0.561,0.490,0.453,0.429,0.406,0.358,0.344,0.463,0.569,0.490,0.443,0.425,0.321,0.313,0.535,0.350,0.405,0.370,0.390,0.394,0.388,0.486,0.488,0.476,0.549,0.559,0.539,0.577,0.618,0.571,0.508,0.533,0.553,0.520,0.504,0.565,0.563,0.514,0.537,0.551,0.545,0.581,0.553,0.575,0.626,0.593,0.530,0.504,0.456,0.476,0.441,0.482,0.516,0.563,0.488,0.472,0.435,0.510,0.482,0.531,0.457,0.477,0.461,0.441,0.535,0.533,0.484,0.478,0.492,0.508
23.500,0.831,0.815,0.797,0.736,0.677,0.730,0.764,0.748,0.758,0.778,0.766,0.795,0.770,0.738,0.732,0.707,0.736,0.689,0.748,0.722,0.756,0.717,0.713,0.711,0.642,0.705,0.689,0.667,0.691,0.626,0.567,0.626,0.530,0.543,0.514,0.561,0.427,0.394,0.378,0.195,0.262,0.344,0.335,0.354,0.327,0.285,0.252,0.195,0.167,0.258,0.266,0.297,0.262,0.215,0.291,0.343,0.301,0.325,0.331,0.264,0.343,0.549,0.488,0.479,0.561,0.539,0.508,0.606,0.584,0.599,0.573,0.510,0.469,0.471,0.486,0.547,0.478,0.445,0.344,0.486,0.451,0.492,0.378,0.384,0.451,0.520,0.604,0.553,0.504,0.465,0.445,0.405,0.441,0.396,0.470,0.461,0.374,0.396,0.437,0.337,0.350,0.376,0.321,0.272,0.604,0.364,0.335,0.372,0.307,0.364,0.339,0.374,0.463,0.476,0.453,0.447,0.476,0.488,0.474,0.557,0.602,0.532,0.567,0.490,0.492,0.567,0.557,0.530,0.537,0.547,0.500,0.502,0.504,0.514,0.555,0.543,0.506,0.467,0.476,0.573,0.551,0.514,0.543,0.469,0.486,0.500,0.512,0.494,0.516,0.535,0.539,0.476,0.482,0.482,0.462,0.522,0.535,0.504,0.427,0.557
23.000,0.785,0.744,0.758,0.760,0.716,0.722,0.754,0.705,0.717,0.762,0.778,0.764,0.805,0.781,0.734,0.685,0.732,0.715,0.787,0.781,0.793,0.722,0.718,0.693,0.701,0.740,0.707,0.683,0.681,0.632,0.571,0.624,0.565,0.602,0.528,0.563,0.484,0.425,0.488,0.360,0.216,0.291,0.358,0.346,0.277,0.339,0.295,0.205,0.272,0.226,0.201,0.232,0.266,0.268,0.228,0.317,0.301,0.285,0.319,0.262,0.342,0.392,0.443,0.435,0.563,0.531,0.598,0.579,0.577,0.543,0.480,0.537,0.419,0.464,0.492,0.474,0.469,0.455,0.427,0.441,0.449,0.422,0.388,0.396,0.400,0.470,0.488,0.522,0.461,0.392,0.360,0.413,0.343,0.394,0.392,0.470,0.453,0.378,0.301,0.333,0.352,0.368,0.321,0.362,0.366,0.388,0.350,0.402,0.429,0.331,0.331,0.297,0.325,0.413,0.405,0.433,0.551,0.518,0.512,0.551,0.561,0.498,0.575,0.455,0.472,0.541,0.545,0.571,0.457,0.433,0.486,0.569,0.541,0.516,0.480,0.488,0.551,0.486,0.474,0.474,0.474,0.498,0.527,0.475,0.543,0.498,0.470,0.478,0.469,0.484,0.455,0.463,0.463,0.500,0.484,0.465,0.524,0.488,0.496,0.555
22.500,0.793,0.813,0.782,0.689,0.829,0.776,0.811,0.813,0.780,0.839,0.783,0.819,0.793,0.783,0.730,0.762,0.730,0.782,0.787,0.756,0.754,0.833,0.766,0.715,0.724,0.707,0.770,0.693,0.756,0.695,0.610,0.567,0.612,0.577,0.545,0.585,0.518,0.508,0.382,0.433,0.445,0.364,0.374,0.386,0.311,0.293,0.341,0.309,0.148,0.238,0.291,0.173,0.242,0.268,0.221,0.195,0.217,0.254,0.217,0.291,0.264,0.368,0.407,0.504,0.468,0.577,0.559,0.524,0.474,0.567,0.529,0.506,0.477,0.567,0.577,0.539,0.525,0.455,0.449,0.526,0.321,0.362,0.376,0.346,0.411,0.374,0.463,0.488,0.443,0.366,0.331,0.325,0.492,0.604,0.644,0.667,0.640,0.644,0.579,0.539,0.356,0.327,0.305,0.347,0.443,0.402,0.399,0.380,0.421,0.372,0.427,0.510,0.428,0.461,0.358,0.400,0.457,0.423,0.470,0.476,0.459,0.520,0.516,0.541,0.526,0.553,0.480,0.545,0.476,0.526,0.571,0.520,0.533,0.457,0.514,0.537,0.512,0.467,0.492,0.469,0.504,0.482,0.514,0.502,0.528,0.490,0.425,0.455,0.549,0.477,0.506,0.469,0.498,0.545,0.484,0.492,0.498,0.472,0.585,0.575
22.000,0.756,0.827,0.817,0.811,0.752,0.793,0.795,0.752,0.781,0.797,0.807,0.833,0.811,0.811,0.821,0.825,0.701,0.799,0.758,0.837,0.791,0.793,0.817,0.712,0.742,0.695,0.715,0.724,0.689,0.628,0.608,0.585,0.610,0.610,0.535,0.514,0.537,0.510,0.486,0.467,0.486,0.468,0.386,0.425,0.364,0.348,0.323,0.301,0.297,0.215,0.169,0.195,0.222,0.234,0.191,0.272,0.169,0.281,0.277,0.287,0.201,0.360,0.453,0.465,0.425,0.567,0.526,0.632,0.602,0.579,0.595,0.539,0.518,0.563,0.500,0.480,0.470,0.425,0.390,0.313,0.299,0.246,0.350,0.358,0.315,0.376,0.400,0.449,0.520,0.368,0.289,0.593,0.699,0.443,0.343,0.258,0.419,0.535,0.553,0.581,0.705,0.451,0.396,0.469,0.378,0.394,0.382,0.364,0.547,0.370,0.366,0.433,0.412,0.447,0.477,0.376,0.449,0.463,0.447,0.577,0.502,0.488,0.504,0.520,0.480,0.488,0.429,0.484,0.488,0.470,0.475,0.510,0.506,0.441,0.465,0.384,0.484,0.453,0.443,0.409,0.480,0.496,0.470,0.482,0.470,0.533,0.484,0.451,0.510,0.463,0.472,0.492,0.429,0.535,0.488,0.451,0.482,0.504,0.447,0.545
21.500,0.736,0.772,0.876,0.831,0.825,0.860,0.886,0.822,0.799,0.840,0.801,0.837,0.795,0.835,0.793,0.845,0.835,0.746,0.732,0.797,0.776,0.797,0.736,0.740,0.703,0.671,0.709,0.705,0.683,0.577,0.579,0.575,0.598,0.618,0.571,0.606,0.626,0.488,0.547,0.516,0.490,0.396,0.409,0.370,0.394,0.287,0.362,0.287,0.295,0.242,0.179,0.152,0.183,0.240,0.167,0.140,0.217,0.205,0.295,0.325,0.329,0.360,0.506,0.557,0.520,0.396,0.565,0.573,0.569,0.512,0.555,0.486,0.482,0.486,0.463,0.459,0.339,0.325,0.305,0.254,0.234,0.258,0.252,0.258,0.260,0.289,0.427,0.498,0.532,0.386,0.398,0.390,0.311,0.368,0.565,0.268,0.181,0.156,0.223,0.285,0.559,0.650,0.705,0.777,0.384,0.346,0.282,0.386,0.348,0.400,0.376,0.343,0.339,0.386,0.451,0.535,0.584,0.502,0.435,0.465,0.500,0.514,0.469,0.484,0.492,0.504,0.486,0.455,0.423,0.425,0.531,0.490,0.465,0.404,0.435,0.453,0.555,0.535,0.496,0.466,0.508,0.492,0.524,0.563,0.502,0.455,0.508,0.441,0.467,0.437,0.492,0.508,0.472,0.486,0.455,0.504,0.490,0.449,0.431,0.429
21.000,0.833,0.833,0.813,0.842,0.815,0.850,0.839,0.862,0.835,0.882,0.807,0.849,0.805,0.717,0.768,0.774,0.736,0.736,0.764,0.835,0.781,0.833,0.742,0.746,0.754,0.697,0.723,0.630,0.661,0.673,0.606,0.642,0.657,0.630,0.539,0.573,0.559,0.571,0.553,0.508,0.455,0.545,0.423,0.404,0.380,0.335,0.289,0.309,0.311,0.350,0.152,0.171,0.152,0.154,0.175,0.165,0.236,0.264,0.207,0.285,0.291,0.289,0.553,0.553,0.533,0.405,0.533,0.541,0.575,0.533,0.516,0.467,0.374,0.443,0.427,0.311,0.335,0.285,0.219,0.185,0.228,0.360,0.498,0.561,0.616,0.673,0.496,0.567,0.526,0.478,0.358,0.327,0.262,0.341,0.376,0.354,0.303,0.299,0.305,0.228,0.148,0.134,0.321,0.742,0.734,0.612,0.311,0.353,0.366,0.343,0.376,0.402,0.317,0.334,0.317,0.423,0.386,0.494,0.441,0.472,0.480,0.504,0.514,0.504,0.465,0.486,0.488,0.494,0.480,0.453,0.457,0.490,0.427,0.467,0.490,0.492,0.476,0.539,0.496,0.466,0.520,0.512,0.470,0.468,0.461,0.492,0.455,0.441,0.457,0.490,0.490,0.534,0.486,0.506,0.498,0.467,0.535,0.457,0.476,0.470
20.500,0.854,0.835,0.835,0.860,0.809,0.864,0.870,0.900,0.862,0.884,0.849,0.892,0.809,0.854,0.821,0.870,0.841,0.773,0.797,0.817,0.785,0.788,0.835,0.764,0.705,0.669,0.681,0.638,0.687,0.756,0.693,0.691,0.685,0.659,0.559,0.650,0.590,0.506,0.492,0.559,0.490,0.492,0.496,0.419,0.411,0.378,0.327,0.256,0.311,0.211,0.154,0.211,0.161,0.134,0.138,0.142,0.096,0.115,0.183,0.295,0.248,0.317,0.447,0.585,0.590,0.486,0.431,0.581,0.525,0.451,0.437,0.516,0.409,0.388,0.437,0.319,0.276,0.209,0.163,0.439,0.598,0.522,0.606,0.617,0.651,0.724,0.531,0.469,0.494,0.541,0.484,0.392,0.412,0.400,0.388,0.400,0.476,0.342,0.376,0.331,0.289,0.207,0.211,0.368,0.649,0.730,0.699,0.650,0.551,0.335,0.368,0.344,0.254,0.354,0.376,0.356,0.349,0.394,0.382,0.423,0.441,0.465,0.478,0.498,0.431,0.445,0.445,0.411,0.524,0.427,0.466,0.409,0.457,0.476,0.508,0.482,0.441,0.441,0.518,0.494,0.461,0.496,0.482,0.457,0.457,0.543,0.415,0.472,0.431,0.490,0.441,0.461,0.530,0.531,0.490,0.455,0.476,0.508,0.508,0.476
20.000,0.807,0.833,0.858,0.868,0.843,0.868,0.902,0.902,0.813,0.848,0.862,0.846,0.835,0.847,0.850,0.837,0.805,0.858,0.839,0.803,0.799,0.819,0.809,0.823,0.754,0.748,0.709,0.689,0.723,0.785,0.748,0.738,0.699,0.701,0.652,0.589,0.539,0.524,0.532,0.492,0.516,0.484,0.411,0.407,0.341,0.289,0.356,0.335,0.394,0.173,0.165,0.256,0.213,0.183,0.142,0.122,0.160,0.154,0.183,0.256,0.260,0.333,0.264,0.482,0.602,0.620,0.498,0.498,0.553,0.447,0.530,0.453,0.468,0.409,0.411,0.319,0.248,0.195,0.179,0.419,0.498,0.506,0.636,0.646,0.699,0.411,0.549,0.500,0.439,0.437,0.435,0.415,0.386,0.384,0.447,0.429,0.421,0.378,0.402,0.348,0.276,0.248,0.297,0.260,0.150,0.288,0.661,0.720,0.703,0.774,0.730,0.514,0.303,0.244,0.295,0.260,0.236,0.254,0.303,0.295,0.403,0.344,0.421,0.415,0.482,0.358,0.421,0.406,0.435,0.388,0.429,0.415,0.518,0.541,0.528,0.472,0.443,0.439,0.504,0.516,0.458,0.453,0.508,0.465,0.508,0.506,0.506,0.457,0.494,0.443,0.443,0.531,0.506,0.494,0.478,0.455,0.447,0.596,0.445,0.451
19.500,0.843,0.868,0.876,0.898,0.870,0.902,0.852,0.866,0.858,0.848,0.850,0.847,0.868,0.872,0.843,0.854,0.838,0.841,0.811,0.842,0.756,0.829,0.821,0.809,0.825,0.789,0.780,0.766,0.766,0.728,0.752,0.726,0.734,0.730,0.632,0.591,0.563,0.612,0.640,0.490,0.498,0.504,0.488,0.333,0.335,0.297,0.287,0.274,0.360,0.214,0.217,0.110,0.132,0.205,0.146,0.254,0.390,0.356,0.264,0.281,0.424,0.307,0.258,0.543,0.561,0.671,0.740,0.384,0.465,0.494,0.482,0.474,0.453,0.437,0.370,0.301,0.225,0.199,0.193,0.447,0.494,0.520,0.512,0.673,0.679,0.414,0.470,0.520,0.423,0.461,0.402,0.386,0.390,0.366,0.384,0.353,0.386,0.406,0.398,0.376,0.341,0.287,0.293,0.313,0.437,0.474,0.360,0.285,0.350,0.305,0.230,0.226,0.224,0.545,0.642,0.250,0.208,0.340,0.329,0.278,0.350,0.368,0.398,0.415,0.396,0.407,0.404,0.447,0.441,0.476,0.451,0.437,0.404,0.492,0.470,0.528,0.447,0.514,0.577,0.520,0.433,0.512,0.516,0.506,0.465,0.508,0.510,0.447,0.504,0.520,0.463,0.506,0.504,0.496,0.465,0.494,0.494,0.523,0.455,0.480
19.000,0.906,0.843,0.860,0.817,0.807,0.837,0.850,0.837,0.868,0.862,0.850,0.854,0.868,0.862,0.860,0.872,0.821,0.894,0.882,0.864,0.876,0.844,0.856,0.856,0.835,0.858,0.793,0.773,0.726,0.754,0.799,0.825,0.665,0.598,0.740,0.642,0.626,0.636,0.644,0.577,0.545,0.530,0.461,0.406,0.329,0.248,0.258,0.317,0.299,0.360,0.191,0.159,0.122,0.156,0.110,0.222,0.106,0.224,0.146,0.222,0.435,0.522,0.429,0.283,0.374,0.506,0.606,0.433,0.355,0.486,0.470,0.490,0.404,0.465,0.319,0.224,0.234,0.154,0.301,0.504,0.557,0.533,0.591,0.655,0.561,0.520,0.484,0.508,0.455,0.451,0.443,0.346,0.427,0.457,0.409,0.354,0.374,0.496,0.407,0.372,0.384,0.352,0.285,0.323,0.303,0.309,0.329,0.406,0.325,0.274,0.285,0.242,0.218,0.162,0.309,0.638,0.722,0.797,0.514,0.654,0.455,0.407,0.364,0.394,0.350,0.405,0.352,0.329,0.356,0.443,0.466,0.439,0.425,0.537,0.508,0.516,0.478,0.486,0.535,0.510,0.500,0.555,0.528,0.484,0.510,0.565,0.496,0.469,0.449,0.457,0.480,0.532,0.555,0.545,0.508,0.498,0.467,0.467,0.551,0.459
18.500,0.841,0.839,0.874,0.848,0.754,0.748,0.813,0.874,0.837,0.839,0.823,0.827,0.837,0.896,0.839,0.825,0.866,0.860,0.845,0.856,0.839,0.876,0.862,0.859,0.868,0.886,0.797,0.724,0.746,0.809,0.762,0.781,0.677,0.685,0.675,0.667,0.652,0.624,0.407,0.486,0.492,0.512,0.431,0.437,0.366,0.284,0.374,0.380,0.315,0.301,0.319,0.335,0.230,0.126,0.161,0.094,0.130,0.142,0.142,0.128,0.348,0.159,0.238,0.293,0.240,0.518,0.598,0.581,0.332,0.392,0.506,0.411,0.352,0.321,0.295,0.236,0.130,0.262,0.502,0.528,0.545,0.504,0.626,0.575,0.667,0.470,0.451,0.447,0.358,0.358,0.433,0.409,0.370,0.392,0.386,0.360,0.413,0.403,0.431,0.406,0.398,0.352,0.295,0.234,0.260,0.313,0.313,0.333,0.329,0.370,0.337,0.276,0.230,0.305,0.339,0.624,0.608,0.569,0.829,0.656,0.772,0.742,0.697,0.372,0.344,0.305,0.327,0.317,0.339,0.353,0.421,0.405,0.408,0.545,0.528,0.539,0.480,0.555,0.520,0.453,0.510,0.409,0.435,0.472,0.482,0.443,0.453,0.494,0.519,0.506,0.551,0.498,0.441,0.453,0.496,0.528,0.476,0.520,0.559,0.547
18.000,0.870,0.921,0.947,0.811,0.819,0.787,0.803,0.807,0.825,0.815,0.821,0.854,0.825,0.849,0.835,0.833,0.823,0.862,0.846,0.819,0.852,0.846,0.844,0.884,0.850,0.829,0.819,0.803,0.813,0.726,0.689,0.701,0.764,0.648,0.683,0.715,0.695,0.549,0.559,0.488,0.451,0.413,0.425,0.396,0.382,0.396,0.315,0.388,0.345,0.289,0.272,0.321,0.287,0.185,0.152,0.114,0.142,0.118,0.140,0.093,0.185,0.148,0.140,0.152,0.234,0.230,0.650,0.614,0.465,0.473,0.500,0.297,0.339,0.398,0.382,0.388,0.311,0.433,0.534,0.512,0.608,0.587,0.669,0.467,0.482,0.449,0.403,0.390,0.380,0.311,0.368,0.384,0.376,0.370,0.382,0.398,0.384,0.445,0.421,0.360,0.394,0.266,0.303,0.740,0.829,0.803,0.521,0.469,0.394,0.437,0.388,0.805,0.850,0.724,0.815,0.933,0.811,0.392,0.411,0.679,0.321,0.354,0.555,0.242,0.408,0.734,0.764,0.774,0.693,0.498,0.604,0.421,0.467,0.406,0.384,0.453,0.469,0.494,0.484,0.518,0.506,0.469,0.500,0.490,0.457,0.498,0.537,0.555,0.460,0.459,0.463,0.482,0.494,0.461,0.469,0.492,0.512,0.518,0.531,0.543
17.500,0.842,0.864,0.840,0.789,0.837,0.813,0.823,0.845,0.862,0.857,0.856,0.868,0.872,0.925,0.823,0.836,0.846,0.829,0.819,0.835,0.839,0.825,0.823,0.811,0.807,0.837,0.843,0.803,0.742,0.774,0.707,0.752,0.720,0.683,0.689,0.726,0.646,0.594,0.597,0.520,0.457,0.445,0.437,0.392,0.396,0.354,0.372,0.386,0.390,0.398,0.262,0.303,0.328,0.274,0.234,0.297,0.217,0.156,0.319,0.146,0.207,0.212,0.250,0.246,0.313,0.396,0.500,0.571,0.528,0.451,0.431,0.443,0.512,0.441,0.382,0.291,0.254,0.425,0.490,0.510,0.541,0.579,0.707,0.526,0.423,0.376,0.384,0.370,0.350,0.374,0.364,0.398,0.414,0.384,0.390,0.380,0.445,0.466,0.386,0.421,0.364,0.297,0.185,0.171,0.293,0.472,0.388,0.496,0.453,0.378,0.388,0.354,0.455,0.341,0.291,0.297,0.344,0.384,0.280,0.297,0.372,0.388,0.374,0.449,0.350,0.392,0.307,0.333,0.406,0.429,0.459,0.407,0.374,0.417,0.406,0.465,0.439,0.470,0.512,0.471,0.447,0.506,0.492,0.478,0.445,0.541,0.545,0.392,0.555,0.467,0.512,0.476,0.535,0.522,0.533,0.555,0.522,0.551,0.478,0.555
17.000,0.852,0.831,0.801,0.805,0.839,0.884,0.866,0.846,0.864,0.880,0.858,0.841,0.870,0.831,0.839,0.837,0.850,0.864,0.758,0.850,0.785,0.827,0.807,0.850,0.787,0.813,0.756,0.809,0.770,0.709,0.715,0.764,0.656,0.721,0.667,0.681,0.650,0.579,0.547,0.463,0.467,0.435,0.486,0.386,0.382,0.364,0.396,0.404,0.417,0.382,0.368,0.303,0.271,0.295,0.266,0.264,0.258,0.283,0.187,0.378,0.260,0.197,0.461,0.439,0.472,0.398,0.421,0.415,0.492,0.484,0.459,0.498,0.492,0.498,0.439,0.441,0.421,0.465,0.476,0.522,0.516,0.602,0.634,0.398,0.553,0.427,0.347,0.370,0.347,0.384,0.409,0.453,0.400,0.411,0.411,0.451,0.445,0.421,0.370,0.388,0.350,0.382,0.356,0.297,0.297,0.321,0.368,0.390,0.427,0.441,0.451,0.502,0.459,0.459,0.481,0.447,0.374,0.335,0.478,0.431,0.451,0.494,0.447,0.490,0.360,0.335,0.368,0.374,0.433,0.409,0.392,0.455,0.360,0.388,0.551,0.355,0.402,0.459,0.533,0.482,0.462,0.494,0.463,0.474,0.551,0.506,0.518,0.528,0.443,0.510,0.557,0.547,0.484,0.500,0.508,0.512,0.555,0.531,0.561,0.500
16.500,0.876,0.858,0.839,0.858,0.843,0.838,0.850,0.890,0.882,0.868,0.910,0.844,0.870,0.892,0.833,0.866,0.856,0.825,0.829,0.803,0.837,0.854,0.843,0.833,0.744,0.758,0.770,0.770,0.703,0.699,0.697,0.695,0.724,0.685,0.661,0.614,0.559,0.524,0.531,0.567,0.473,0.457,0.467,0.406,0.411,0.409,0.443,0.376,0.421,0.335,0.333,0.284,0.279,0.283,0.226,0.334,0.240,0.252,0.264,0.270,0.220,0.242,0.293,0.323,0.309,0.335,0.303,0.317,0.286,0.453,0.364,0.487,0.352,0.333,0.439,0.465,0.443,0.431,0.555,0.606,0.614,0.652,0.585,0.504,0.400,0.368,0.313,0.411,0.404,0.339,0.344,0.443,0.482,0.394,0.472,0.467,0.461,0.480,0.368,0.390,0.380,0.396,0.378,0.409,0.390,0.431,0.461,0.447,0.474,0.439,0.447,0.494,0.457,0.565,0.508,0.494,0.429,0.451,0.535,0.455,0.409,0.508,0.486,0.443,0.492,0.474,0.470,0.451,0.492,0.510,0.449,0.453,0.348,0.398,0.415,0.471,0.461,0.526,0.514,0.555,0.591,0.555,0.531,0.512,0.514,0.561,0.537,0.482,0.478,0.484,0.567,0.508,0.545,0.531,0.492,0.514,0.569,0.571,0.545,0.504
16.000,0.827,0.904,0.839,0.852,0.854,0.813,0.815,0.874,0.860,0.856,0.900,0.844,0.829,0.837,0.843,0.837,0.833,0.768,0.776,0.750,0.797,0.790,0.803,0.780,0.774,0.785,0.774,0.746,0.734,0.766,0.707,0.720,0.703,0.664,0.679,0.595,0.594,0.539,0.526,0.575,0.537,0.543,0.520,0.465,0.447,0.455,0.380,0.353,0.443,0.423,0.439,0.311,0.262,0.246,0.248,0.325,0.269,0.262,0.214,0.222,0.272,0.219,0.179,0.240,0.388,0.254,0.268,0.337,0.212,0.303,0.278,0.301,0.409,0.341,0.262,0.406,0.414,0.441,0.451,0.518,0.581,0.624,0.583,0.327,0.388,0.382,0.364,0.445,0.394,0.429,0.374,0.445,0.459,0.533,0.547,0.457,0.441,0.459,0.435,0.474,0.415,0.419,0.457,0.421,0.405,0.455,0.498,0.423,0.472,0.474,0.467,0.455,0.506,0.484,0.443,0.500,0.484,0.492,0.506,0.465,0.490,0.537,0.484,0.461,0.472,0.496,0.528,0.551,0.533,0.407,0.488,0.441,0.419,0.372,0.390,0.419,0.640,0.565,0.533,0.589,0.567,0.534,0.539,0.498,0.484,0.523,0.563,0.598,0.522,0.514,0.517,0.508,0.481,0.535,0.498,0.469,0.520,0.614,0.549,0.583
15.500,0.844,0.868,0.799,0.847,0.831,0.858,0.848,0.843,0.805,0.831,0.843,0.835,0.835,0.850,0.829,0.843,0.844,0.860,0.791,0.750,0.746,0.785,0.758,0.703,0.724,0.713,0.740,0.766,0.728,0.742,0.746,0.717,0.687,0.679,0.640,0.618,0.608,0.587,0.610,0.632,0.533,0.502,0.521,0.532,0.443,0.398,0.335,0.402,0.337,0.407,0.398,0.301,0.313,0.305,0.272,0.272,0.297,0.281,0.289,0.282,0.230,0.213,0.215,0.230,0.262,0.299,0.289,0.508,0.339,0.293,0.303,0.134,0.169,0.492,0.352,0.173,0.203,0.597,0.512,0.468,0.477,0.476,0.354,0.283,0.463,0.311,0.297,0.354,0.380,0.449,0.577,0.352,0.441,0.502,0.496,0.394,0.384,0.480,0.506,0.512,0.415,0.453,0.541,0.469,0.439,0.463,0.464,0.476,0.498,0.494,0.539,0.516,0.549,0.520,0.541,0.480,0.547,0.451,0.490,0.478,0.470,0.476,0.526,0.492,0.522,0.522,0.533,0.559,0.553,0.498,0.533,0.547,0.435,0.400,0.368,0.411,0.543,0.589,0.604,0.598,0.583,0.543,0.539,0.474,0.496,0.575,0.575,0.555,0.490,0.594,0.530,0.539,0.553,0.512,0.561,0.498,0.535,0.549,0.542,0.537
15.000,0.839,0.872,0.813,0.821,0.813,0.854,0.847,0.829,0.803,0.766,0.799,0.807,0.750,0.839,0.778,0.811,0.866,0.803,0.770,0.829,0.770,0.789,0.707,0.720,0.675,0.711,0.722,0.756,0.754,0.691,0.679,0.726,0.691,0.719,0.734,0.663,0.612,0.610,0.587,0.640,0.602,0.569,0.500,0.535,0.459,0.388,0.413,0.356,0.425,0.370,0.366,0.311,0.305,0.301,0.270,0.268,0.266,0.283,0.276,0.214,0.195,0.230,0.215,0.207,0.191,0.221,0.222,0.228,0.225,0.319,0.333,0.262,0.183,0.159,0.528,0.640,0.280,0.364,0.372,0.644,0.545,0.362,0.514,0.579,0.579,0.561,0.496,0.636,0.593,0.652,0.687,0.715,0.512,0.435,0.508,0.502,0.368,0.498,0.541,0.508,0.425,0.470,0.425,0.488,0.467,0.468,0.530,0.504,0.469,0.533,0.498,0.506,0.535,0.553,0.488,0.528,0.596,0.526,0.506,0.470,0.494,0.469,0.506,0.471,0.502,0.559,0.551,0.506,0.549,0.524,0.595,0.486,0.563,0.437,0.449,0.526,0.543,0.734,0.652,0.642,0.669,0.606,0.524,0.514,0.462,0.478,0.567,0.614,0.573,0.563,0.565,0.535,0.587,0.561,0.555,0.561,0.543,0.581,0.591,0.618
14.500,0.809,0.843,0.825,0.772,0.794,0.844,0.799,0.866,0.805,0.801,0.772,0.740,0.823,0.843,0.788,0.746,0.776,0.766,0.829,0.764,0.762,0.742,0.699,0.677,0.715,0.648,0.746,0.685,0.746,0.813,0.760,0.754,0.695,0.650,0.614,0.624,0.575,0.547,0.547,0.594,0.522,0.569,0.500,0.449,0.486,0.427,0.409,0.380,0.347,0.323,0.351,0.319,0.329,0.266,0.240,0.319,0.321,0.214,0.232,0.169,0.219,0.211,0.254,0.209,0.228,0.244,0.223,0.219,0.240,0.325,0.366,0.222,0.280,0.230,0.169,0.703,0.945,0.661,0.346,0.364,0.453,0.488,0.492,0.463,0.531,0.524,0.596,0.565,0.721,0.693,0.752,0.858,0.671,0.459,0.545,0.520,0.488,0.478,0.537,0.461,0.455,0.504,0.486,0.490,0.471,0.463,0.476,0.480,0.484,0.584,0.510,0.502,0.563,0.561,0.520,0.597,0.565,0.571,0.600,0.604,0.522,0.581,0.551,0.530,0.547,0.575,0.583,0.539,0.642,0.557,0.451,0.470,0.480,0.502,0.455,0.500,0.539,0.681,0.671,0.618,0.598,0.534,0.531,0.567,0.547,0.535,0.577,0.612,0.591,0.559,0.545,0.602,0.587,0.571,0.500,0.567,0.571,0.583,0.575,0.514
14.000,0.838,0.882,0.882,0.793,0.815,0.821,0.837,0.844,0.807,0.742,0.752,0.786,0.827,0.805,0.797,0.831,0.738,0.744,0.835,0.748,0.728,0.675,0.717,0.691,0.715,0.774,0.732,0.781,0.758,0.762,0.724,0.646,0.681,0.620,0.666,0.663,0.665,0.618,0.553,0.597,0.549,0.535,0.508,0.451,0.447,0.398,0.343,0.360,0.398,0.382,0.307,0.299,0.299,0.335,0.305,0.240,0.325,0.281,0.205,0.211,0.191,0.236,0.274,0.262,0.276,0.333,0.315,0.209,0.299,0.368,0.331,0.309,0.315,0.250,0.256,0.238,0.557,0.776,0.837,0.659,0.437,0.594,0.665,0.654,0.656,0.602,0.589,0.636,0.677,0.724,0.736,0.766,0.805,0.559,0.630,0.541,0.520,0.602,0.573,0.528,0.429,0.516,0.435,0.520,0.549,0.463,0.486,0.496,0.557,0.563,0.577,0.636,0.591,0.598,0.576,0.561,0.656,0.584,0.596,0.646,0.663,0.598,0.655,0.604,0.577,0.567,0.685,0.589,0.608,0.573,0.551,0.526,0.608,0.535,0.530,0.512,0.474,0.524,0.701,0.587,0.622,0.669,0.492,0.578,0.504,0.587,0.642,0.610,0.618,0.705,0.577,0.533,0.567,0.573,0.600,0.602,0.581,0.589,0.490,0.512
