lat,lon,cloud_cover
51.00,-129.00,0.83
51.00,-128.00,0.87
51.00,-127.00,0.89
51.00,-126.00,0.82
51.00,-125.00,0.85
51.00,-124.00,0.80
51.00,-123.00,0.89
51.00,-122.00,0.81
51.00,-121.00,0.88
51.00,-120.00,0.93
51.00,-119.00,0.88
51.00,-118.00,0.88
51.00,-117.00,0.86
51.00,-116.00,0.85
51.00,-115.00,0.86
51.00,-114.00,0.80
51.00,-113.00,0.76
51.00,-112.00,0.76
51.00,-111.00,0.71
51.00,-110.00,0.60
51.00,-109.00,0.64
51.00,-108.00,0.66
51.00,-107.00,0.63
51.00,-106.00,0.66
51.00,-105.00,0.70
51.00,-104.00,0.73
51.00,-103.00,0.71
51.00,-102.00,0.74
51.00,-101.00,0.77
51.00,-100.00,0.68
51.00,-99.00,0.67
51.00,-98.00,0.56
51.00,-97.00,0.75
51.00,-96.00,0.71
51.00,-95.00,0.79
51.00,-94.00,0.69
51.00,-93.00,0.69
51.00,-92.00,0.71
51.00,-91.00,0.70
51.00,-90.00,0.79
51.00,-89.00,0.77
51.00,-88.00,0.71
51.00,-87.00,0.67
51.00,-86.00,0.65
51.00,-85.00,0.58
51.00,-84.00,0.61
51.00,-83.00,0.56
51.00,-82.00,0.64
51.00,-81.00,0.60
51.00,-80.00,0.65
51.00,-79.00,0.63
51.00,-78.00,0.68
51.00,-77.00,0.65
51.00,-76.00,0.63
51.00,-75.00,0.68
51.00,-74.00,0.62
51.00,-73.00,0.62
51.00,-72.00,0.74
51.00,-71.00,0.66
51.00,-70.00,0.79
51.00,-69.00,0.72
51.00,-68.00,0.80
51.00,-67.00,0.80
51.00,-66.00,0.81
51.00,-65.00,0.72
51.00,-64.00,0.77
51.00,-63.00,0.79
51.00,-62.00,0.74
51.00,-61.00,0.76
51.00,-60.00,0.77
51.00,-59.00,0.82
51.00,-58.00,0.81
51.00,-57.00,0.81
51.00,-56.00,0.78
51.00,-55.00,0.74
51.00,-54.00,0.77
51.00,-53.00,0.84
51.00,-52.00,0.78
51.00,-51.00,0.82
51.00,-50.00,0.84
50.00,-129.00,0.83
50.00,-128.00,0.82
50.00,-127.00,0.88
50.00,-126.00,0.77
50.00,-125.00,0.77
50.00,-124.00,0.84
50.00,-123.00,0.81
50.00,-122.00,0.87
50.00,-121.00,0.87
50.00,-120.00,0.88
50.00,-119.00,0.89
50.00,-118.00,0.92
50.00,-117.00,0.88
50.00,-116.00,0.87
50.00,-115.00,0.90
50.00,-114.00,0.78
50.00,-113.00,0.68
50.00,-112.00,0.67
50.00,-111.00,0.71
50.00,-110.00,0.72
50.00,-109.00,0.69
50.00,-108.00,0.66
50.00,-107.00,0.66
50.00,-106.00,0.69
50.00,-105.00,0.62
50.00,-104.00,0.66
50.00,-103.00,0.63
50.00,-102.00,0.71
50.00,-101.00,0.67
50.00,-100.00,0.65
50.00,-99.00,0.68
50.00,-98.00,0.49
50.00,-97.00,0.64
50.00,-96.00,0.75
50.00,-95.00,0.75
50.00,-94.00,0.73
50.00,-93.00,0.77
50.00,-92.00,0.81
50.00,-91.00,0.82
50.00,-90.00,0.73
50.00,-89.00,0.66
50.00,-88.00,0.79
50.00,-87.00,0.74
50.00,-86.00,0.78
50.00,-85.00,0.78
50.00,-84.00,0.79
50.00,-83.00,0.71
50.00,-82.00,0.70
50.00,-81.00,0.73
50.00,-80.00,0.67
50.00,-79.00,0.78
50.00,-78.00,0.79
50.00,-77.00,0.75
50.00,-76.00,0.75
50.00,-75.00,0.74
50.00,-74.00,0.76
50.00,-73.00,0.72
50.00,-72.00,0.75
50.00,-71.00,0.77
50.00,-70.00,0.72
50.00,-69.00,0.82
50.00,-68.00,0.84
50.00,-67.00,0.85
50.00,-66.00,0.80
50.00,-65.00,0.85
50.00,-64.00,0.79
50.00,-63.00,0.65
50.00,-62.00,0.69
50.00,-61.00,0.66
50.00,-60.00,0.72
50.00,-59.00,0.76
50.00,-58.00,0.75
50.00,-57.00,0.80
50.00,-56.00,0.70
50.00,-55.00,0.78
50.00,-54.00,0.82
50.00,-53.00,0.79
50.00,-52.00,0.78
50.00,-51.00,0.80
50.00,-50.00,0.83
49.00,-129.00,0.86
49.00,-128.00,0.80
49.00,-127.00,0.78
49.00,-126.00,0.81
49.00,-125.00,0.84
49.00,-124.00,0.62
49.00,-123.00,0.83
49.00,-122.00,0.90
49.00,-121.00,0.93
49.00,-120.00,0.84
49.00,-119.00,0.85
49.00,-118.00,0.91
49.00,-117.00,0.80
49.00,-116.00,0.88
49.00,-115.00,0.80
49.00,-114.00,0.91
49.00,-113.00,0.73
49.00,-112.00,0.73
49.00,-111.00,0.71
49.00,-110.00,0.80
49.00,-109.00,0.73
49.00,-108.00,0.69
49.00,-107.00,0.66
49.00,-106.00,0.63
49.00,-105.00,0.64
49.00,-104.00,0.62
49.00,-103.00,0.61
49.00,-102.00,0.60
49.00,-101.00,0.63
49.00,-100.00,0.59
49.00,-99.00,0.58
49.00,-98.00,0.60
49.00,-97.00,0.80
49.00,-96.00,0.61
49.00,-95.00,0.65
49.00,-94.00,0.62
49.00,-93.00,0.78
49.00,-92.00,0.81
49.00,-91.00,0.77
49.00,-90.00,0.82
49.00,-89.00,0.85
49.00,-88.00,0.56
49.00,-87.00,0.85
49.00,-86.00,0.80
49.00,-85.00,0.83
49.00,-84.00,0.88
49.00,-83.00,0.89
49.00,-82.00,0.87
49.00,-81.00,0.78
49.00,-80.00,0.74
49.00,-79.00,0.74
49.00,-78.00,0.79
49.00,-77.00,0.78
49.00,-76.00,0.76
49.00,-75.00,0.79
49.00,-74.00,0.73
49.00,-73.00,0.75
49.00,-72.00,0.80
49.00,-71.00,0.79
49.00,-70.00,0.72
49.00,-69.00,0.68
49.00,-68.00,0.85
49.00,-67.00,0.86
49.00,-66.00,0.67
49.00,-65.00,0.66
49.00,-64.00,0.69
49.00,-63.00,0.71
49.00,-62.00,0.68
49.00,-61.00,0.69
49.00,-60.00,0.68
49.00,-59.00,0.76
49.00,-58.00,0.74
49.00,-57.00,0.83
49.00,-56.00,0.77
49.00,-55.00,0.79
49.00,-54.00,0.80
49.00,-53.00,0.79
49.00,-52.00,0.85
49.00,-51.00,0.76
49.00,-50.00,0.81
48.00,-129.00,0.78
48.00,-128.00,0.79
48.00,-127.00,0.76
48.00,-126.00,0.81
48.00,-125.00,0.74
48.00,-124.00,0.76
48.00,-123.00,0.82
48.00,-122.00,0.75
48.00,-121.00,0.94
48.00,-120.00,0.89
48.00,-119.00,0.71
48.00,-118.00,0.93
48.00,-117.00,0.86
48.00,-116.00,0.86
48.00,-115.00,0.87
48.00,-114.00,0.86
48.00,-113.00,0.93
48.00,-112.00,0.59
48.00,-111.00,0.65
48.00,-110.00,0.65
48.00,-109.00,0.69
48.00,-108.00,0.64
48.00,-107.00,0.64
48.00,-106.00,0.71
48.00,-105.00,0.61
48.00,-104.00,0.58
48.00,-103.00,0.62
48.00,-102.00,0.61
48.00,-101.00,0.62
48.00,-100.00,0.65
48.00,-99.00,0.58
48.00,-98.00,0.60
48.00,-97.00,0.76
48.00,-96.00,0.68
48.00,-95.00,0.74
48.00,-94.00,0.69
48.00,-93.00,0.75
48.00,-92.00,0.78
48.00,-91.00,0.76
48.00,-90.00,0.80
48.00,-89.00,0.91
48.00,-88.00,0.68
48.00,-87.00,0.57
48.00,-86.00,0.59
48.00,-85.00,0.91
48.00,-84.00,0.82
48.00,-83.00,0.88
48.00,-82.00,0.91
48.00,-81.00,0.87
48.00,-80.00,0.84
48.00,-79.00,0.89
48.00,-78.00,0.83
48.00,-77.00,0.78
48.00,-76.00,0.71
48.00,-75.00,0.70
48.00,-74.00,0.76
48.00,-73.00,0.77
48.00,-72.00,0.84
48.00,-71.00,0.87
48.00,-70.00,0.88
48.00,-69.00,0.85
48.00,-68.00,0.68
48.00,-67.00,0.81
48.00,-66.00,0.84
48.00,-65.00,0.83
48.00,-64.00,0.84
48.00,-63.00,0.64
48.00,-62.00,0.67
48.00,-61.00,0.64
48.00,-60.00,0.67
48.00,-59.00,0.74
48.00,-58.00,0.85
48.00,-57.00,0.83
48.00,-56.00,0.79
48.00,-55.00,0.85
48.00,-54.00,0.86
48.00,-53.00,0.83
48.00,-52.00,0.74
48.00,-51.00,0.70
48.00,-50.00,0.72
47.00,-129.00,0.82
47.00,-128.00,0.82
47.00,-127.00,0.80
47.00,-126.00,0.80
47.00,-125.00,0.75
47.00,-124.00,0.76
47.00,-123.00,0.95
47.00,-122.00,0.76
47.00,-121.00,0.98
47.00,-120.00,0.75
47.00,-119.00,0.74
47.00,-118.00,0.81
47.00,-117.00,0.79
47.00,-116.00,0.82
47.00,-115.00,0.90
47.00,-114.00,0.75
47.00,-113.00,0.90
47.00,-112.00,0.68
47.00,-111.00,0.67
47.00,-110.00,0.75
47.00,-109.00,0.67
47.00,-108.00,0.60
47.00,-107.00,0.62
47.00,-106.00,0.64
47.00,-105.00,0.62
47.00,-104.00,0.58
47.00,-103.00,0.64
47.00,-102.00,0.66
47.00,-101.00,0.68
47.00,-100.00,0.63
47.00,-99.00,0.58
47.00,-98.00,0.63
47.00,-97.00,0.64
47.00,-96.00,0.65
47.00,-95.00,0.74
47.00,-94.00,0.77
47.00,-93.00,0.83
47.00,-92.00,0.78
47.00,-91.00,0.86
47.00,-90.00,0.59
47.00,-89.00,0.58
47.00,-88.00,0.61
47.00,-87.00,0.60
47.00,-86.00,0.62
47.00,-85.00,0.61
47.00,-84.00,0.92
47.00,-83.00,0.81
47.00,-82.00,0.92
47.00,-81.00,0.90
47.00,-80.00,0.81
47.00,-79.00,0.68
47.00,-78.00,0.84
47.00,-77.00,0.82
47.00,-76.00,0.83
47.00,-75.00,0.88
47.00,-74.00,0.86
47.00,-73.00,0.80
47.00,-72.00,0.84
47.00,-71.00,0.82
47.00,-70.00,0.86
47.00,-69.00,0.92
47.00,-68.00,0.93
47.00,-67.00,0.81
47.00,-66.00,0.85
47.00,-65.00,0.78
47.00,-64.00,0.62
47.00,-63.00,0.67
47.00,-62.00,0.62
47.00,-61.00,0.75
47.00,-60.00,0.65
47.00,-59.00,0.80
47.00,-58.00,0.76
47.00,-57.00,0.74
47.00,-56.00,0.77
47.00,-55.00,0.86
47.00,-54.00,0.87
47.00,-53.00,0.86
47.00,-52.00,0.75
47.00,-51.00,0.75
47.00,-50.00,0.81
46.00,-129.00,0.80
46.00,-128.00,0.82
46.00,-127.00,0.85
46.00,-126.00,0.80
46.00,-125.00,0.81
46.00,-124.00,0.78
46.00,-123.00,0.87
46.00,-122.00,0.85
46.00,-121.00,0.97
46.00,-120.00,0.68
46.00,-119.00,0.67
46.00,-118.00,0.71
46.00,-117.00,0.74
46.00,-116.00,0.81
46.00,-115.00,0.91
46.00,-114.00,0.87
46.00,-113.00,0.88
46.00,-112.00,0.82
46.00,-111.00,0.76
46.00,-110.00,0.81
46.00,-109.00,0.66
46.00,-108.00,0.66
46.00,-107.00,0.60
46.00,-106.00,0.68
46.00,-105.00,0.60
46.00,-104.00,0.62
46.00,-103.00,0.63
46.00,-102.00,0.64
46.00,-101.00,0.67
46.00,-100.00,0.62
46.00,-99.00,0.64
46.00,-98.00,0.55
46.00,-97.00,0.55
46.00,-96.00,0.70
46.00,-95.00,0.62
46.00,-94.00,0.71
46.00,-93.00,0.77
46.00,-92.00,0.77
46.00,-91.00,0.75
46.00,-90.00,0.66
46.00,-89.00,0.85
46.00,-88.00,0.90
46.00,-87.00,0.86
46.00,-86.00,0.79
46.00,-85.00,0.84
46.00,-84.00,0.80
46.00,-83.00,0.92
46.00,-82.00,0.88
46.00,-81.00,0.87
46.00,-80.00,0.84
46.00,-79.00,0.92
46.00,-78.00,0.92
46.00,-77.00,0.87
46.00,-76.00,0.95
46.00,-75.00,0.89
46.00,-74.00,0.90
46.00,-73.00,0.89
46.00,-72.00,0.81
46.00,-71.00,0.83
46.00,-70.00,0.85
46.00,-69.00,0.88
46.00,-68.00,0.86
46.00,-67.00,0.81
46.00,-66.00,0.87
46.00,-65.00,0.80
46.00,-64.00,0.68
46.00,-63.00,0.67
46.00,-62.00,0.67
46.00,-61.00,0.72
46.00,-60.00,0.79
46.00,-59.00,0.64
46.00,-58.00,0.69
46.00,-57.00,0.74
46.00,-56.00,0.67
46.00,-55.00,0.69
46.00,-54.00,0.71
46.00,-53.00,0.72
46.00,-52.00,0.73
46.00,-51.00,0.77
46.00,-50.00,0.77
45.00,-129.00,0.80
45.00,-128.00,0.78
45.00,-127.00,0.85
45.00,-126.00,0.81
45.00,-125.00,0.80
45.00,-124.00,0.77
45.00,-123.00,0.93
45.00,-122.00,0.81
45.00,-121.00,0.82
45.00,-120.00,0.56
45.00,-119.00,0.68
45.00,-118.00,0.88
45.00,-117.00,0.85
45.00,-116.00,0.81
45.00,-115.00,0.93
45.00,-114.00,0.92
45.00,-113.00,0.79
45.00,-112.00,0.69
45.00,-111.00,0.79
45.00,-110.00,0.82
45.00,-109.00,0.68
45.00,-108.00,0.68
45.00,-107.00,0.69
45.00,-106.00,0.72
45.00,-105.00,0.65
45.00,-104.00,0.54
45.00,-103.00,0.55
45.00,-102.00,0.63
45.00,-101.00,0.70
45.00,-100.00,0.60
45.00,-99.00,0.60
45.00,-98.00,0.59
45.00,-97.00,0.66
45.00,-96.00,0.61
45.00,-95.00,0.60
45.00,-94.00,0.56
45.00,-93.00,0.53
45.00,-92.00,0.66
45.00,-91.00,0.71
45.00,-90.00,0.70
45.00,-89.00,0.75
45.00,-88.00,0.75
45.00,-87.00,0.69
45.00,-86.00,0.65
45.00,-85.00,0.72
45.00,-84.00,0.70
45.00,-83.00,0.61
45.00,-82.00,0.58
45.00,-81.00,0.56
45.00,-80.00,0.64
45.00,-79.00,0.83
45.00,-78.00,0.85
45.00,-77.00,0.76
45.00,-76.00,0.71
45.00,-75.00,0.72
45.00,-74.00,0.71
45.00,-73.00,0.72
45.00,-72.00,0.75
45.00,-71.00,0.86
45.00,-70.00,0.88
45.00,-69.00,0.86
45.00,-68.00,0.80
45.00,-67.00,0.82
45.00,-66.00,0.78
45.00,-65.00,0.88
45.00,-64.00,0.73
45.00,-63.00,0.90
45.00,-62.00,0.79
45.00,-61.00,0.84
45.00,-60.00,0.74
45.00,-59.00,0.69
45.00,-58.00,0.65
45.00,-57.00,0.70
45.00,-56.00,0.71
45.00,-55.00,0.68
45.00,-54.00,0.75
45.00,-53.00,0.70
45.00,-52.00,0.75
45.00,-51.00,0.78
45.00,-50.00,0.85
44.00,-129.00,0.78
44.00,-128.00,0.75
44.00,-127.00,0.82
44.00,-126.00,0.82
44.00,-125.00,0.77
44.00,-124.00,0.75
44.00,-123.00,0.84
44.00,-122.00,0.90
44.00,-121.00,0.69
44.00,-120.00,0.81
44.00,-119.00,0.78
44.00,-118.00,0.85
44.00,-117.00,0.76
44.00,-116.00,0.75
44.00,-115.00,0.82
44.00,-114.00,0.92
44.00,-113.00,0.86
44.00,-112.00,0.81
44.00,-111.00,0.78
44.00,-110.00,0.81
44.00,-109.00,0.84
44.00,-108.00,0.58
44.00,-107.00,0.82
44.00,-106.00,0.71
44.00,-105.00,0.61
44.00,-104.00,0.74
44.00,-103.00,0.65
44.00,-102.00,0.60
44.00,-101.00,0.65
44.00,-100.00,0.59
44.00,-99.00,0.65
44.00,-98.00,0.59
44.00,-97.00,0.51
44.00,-96.00,0.47
44.00,-95.00,0.46
44.00,-94.00,0.60
44.00,-93.00,0.52
44.00,-92.00,0.58
44.00,-91.00,0.66
44.00,-90.00,0.69
44.00,-89.00,0.76
44.00,-88.00,0.76
44.00,-87.00,0.73
44.00,-86.00,0.70
44.00,-85.00,0.73
44.00,-84.00,0.69
44.00,-83.00,0.69
44.00,-82.00,0.68
44.00,-81.00,0.60
44.00,-80.00,0.67
44.00,-79.00,0.65
44.00,-78.00,0.63
44.00,-77.00,0.68
44.00,-76.00,0.62
44.00,-75.00,0.69
44.00,-74.00,0.86
44.00,-73.00,0.66
44.00,-72.00,0.80
44.00,-71.00,0.76
44.00,-70.00,0.75
44.00,-69.00,0.67
44.00,-68.00,0.71
44.00,-67.00,0.63
44.00,-66.00,0.56
44.00,-65.00,0.70
44.00,-64.00,0.68
44.00,-63.00,0.67
44.00,-62.00,0.59
44.00,-61.00,0.62
44.00,-60.00,0.62
44.00,-59.00,0.64
44.00,-58.00,0.62
44.00,-57.00,0.62
44.00,-56.00,0.70
44.00,-55.00,0.75
44.00,-54.00,0.75
44.00,-53.00,0.85
44.00,-52.00,0.79
44.00,-51.00,0.77
44.00,-50.00,0.76
43.00,-129.00,0.80
43.00,-128.00,0.82
43.00,-127.00,0.74
43.00,-126.00,0.78
43.00,-125.00,0.76
43.00,-124.00,0.74
43.00,-123.00,0.85
43.00,-122.00,0.85
43.00,-121.00,0.71
43.00,-120.00,0.65
43.00,-119.00,0.66
43.00,-118.00,0.77
43.00,-117.00,0.72
43.00,-116.00,0.72
43.00,-115.00,0.80
43.00,-114.00,0.82
43.00,-113.00,0.56
43.00,-112.00,0.62
43.00,-111.00,0.75
43.00,-110.00,0.83
43.00,-109.00,0.64
43.00,-108.00,0.70
43.00,-107.00,0.77
43.00,-106.00,0.61
43.00,-105.00,0.52
43.00,-104.00,0.50
43.00,-103.00,0.58
43.00,-102.00,0.61
43.00,-101.00,0.61
43.00,-100.00,0.66
43.00,-99.00,0.56
43.00,-98.00,0.54
43.00,-97.00,0.51
43.00,-96.00,0.56
43.00,-95.00,0.51
43.00,-94.00,0.61
43.00,-93.00,0.58
43.00,-92.00,0.59
43.00,-91.00,0.73
43.00,-90.00,0.73
43.00,-89.00,0.75
43.00,-88.00,0.78
43.00,-87.00,0.66
43.00,-86.00,0.72
43.00,-85.00,0.69
43.00,-84.00,0.70
43.00,-83.00,0.68
43.00,-82.00,0.64
43.00,-81.00,0.67
43.00,-80.00,0.67
43.00,-79.00,0.61
43.00,-78.00,0.68
43.00,-77.00,0.67
43.00,-76.00,0.60
43.00,-75.00,0.84
43.00,-74.00,0.87
43.00,-73.00,0.64
43.00,-72.00,0.80
43.00,-71.00,0.69
43.00,-70.00,0.60
43.00,-69.00,0.62
43.00,-68.00,0.57
43.00,-67.00,0.62
43.00,-66.00,0.60
43.00,-65.00,0.65
43.00,-64.00,0.63
43.00,-63.00,0.64
43.00,-62.00,0.57
43.00,-61.00,0.69
43.00,-60.00,0.69
43.00,-59.00,0.75
43.00,-58.00,0.74
43.00,-57.00,0.77
43.00,-56.00,0.76
43.00,-55.00,0.80
43.00,-54.00,0.82
43.00,-53.00,0.87
43.00,-52.00,0.81
43.00,-51.00,0.80
43.00,-50.00,0.81
42.00,-129.00,0.82
42.00,-128.00,0.80
42.00,-127.00,0.77
42.00,-126.00,0.80
42.00,-125.00,0.70
42.00,-124.00,0.68
42.00,-123.00,0.75
42.00,-122.00,0.76
42.00,-121.00,0.58
42.00,-120.00,0.65
42.00,-119.00,0.64
42.00,-118.00,0.67
42.00,-117.00,0.69
42.00,-116.00,0.71
42.00,-115.00,0.54
42.00,-114.00,0.65
42.00,-113.00,0.64
42.00,-112.00,0.64
42.00,-111.00,0.82
42.00,-110.00,0.83
42.00,-109.00,0.61
42.00,-108.00,0.71
42.00,-107.00,0.54
42.00,-106.00,0.59
42.00,-105.00,0.65
42.00,-104.00,0.60
42.00,-103.00,0.53
42.00,-102.00,0.53
42.00,-101.00,0.53
42.00,-100.00,0.59
42.00,-99.00,0.63
42.00,-98.00,0.63
42.00,-97.00,0.68
42.00,-96.00,0.60
42.00,-95.00,0.51
42.00,-94.00,0.55
42.00,-93.00,0.61
42.00,-92.00,0.68
42.00,-91.00,0.66
42.00,-90.00,0.81
42.00,-89.00,0.83
42.00,-88.00,0.77
42.00,-87.00,0.63
42.00,-86.00,0.70
42.00,-85.00,0.72
42.00,-84.00,0.74
42.00,-83.00,0.75
42.00,-82.00,0.65
42.00,-81.00,0.65
42.00,-80.00,0.65
42.00,-79.00,0.66
42.00,-78.00,0.73
42.00,-77.00,0.77
42.00,-76.00,0.81
42.00,-75.00,0.70
42.00,-74.00,0.69
42.00,-73.00,0.66
42.00,-72.00,0.67
42.00,-71.00,0.66
42.00,-70.00,0.65
42.00,-69.00,0.54
42.00,-68.00,0.63
42.00,-67.00,0.62
42.00,-66.00,0.64
42.00,-65.00,0.61
42.00,-64.00,0.63
42.00,-63.00,0.70
42.00,-62.00,0.74
42.00,-61.00,0.80
42.00,-60.00,0.87
42.00,-59.00,0.86
42.00,-58.00,0.79
42.00,-57.00,0.83
42.00,-56.00,0.85
42.00,-55.00,0.93
42.00,-54.00,0.89
42.00,-53.00,0.85
42.00,-52.00,0.90
42.00,-51.00,0.91
42.00,-50.00,0.99
41.00,-129.00,0.80
41.00,-128.00,0.78
41.00,-127.00,0.69
41.00,-126.00,0.72
41.00,-125.00,0.69
41.00,-124.00,0.68
41.00,-123.00,0.72
41.00,-122.00,0.61
41.00,-121.00,0.74
41.00,-120.00,0.60
41.00,-119.00,0.59
41.00,-118.00,0.55
41.00,-117.00,0.60
41.00,-116.00,0.63
41.00,-115.00,0.68
41.00,-114.00,0.63
41.00,-113.00,0.52
41.00,-112.00,0.59
41.00,-111.00,0.73
41.00,-110.00,0.51
41.00,-109.00,0.56
41.00,-108.00,0.60
41.00,-107.00,0.74
41.00,-106.00,0.83
41.00,-105.00,0.76
41.00,-104.00,0.65
41.00,-103.00,0.60
41.00,-102.00,0.57
41.00,-101.00,0.48
41.00,-100.00,0.64
41.00,-99.00,0.63
41.00,-98.00,0.69
41.00,-97.00,0.57
41.00,-96.00,0.57
41.00,-95.00,0.59
41.00,-94.00,0.62
41.00,-93.00,0.59
41.00,-92.00,0.75
41.00,-91.00,0.64
41.00,-90.00,0.61
41.00,-89.00,0.62
41.00,-88.00,0.63
41.00,-87.00,0.65
41.00,-86.00,0.69
41.00,-85.00,0.70
41.00,-84.00,0.79
41.00,-83.00,0.75
41.00,-82.00,0.65
41.00,-81.00,0.63
41.00,-80.00,0.69
41.00,-79.00,0.63
41.00,-78.00,0.74
41.00,-77.00,0.68
41.00,-76.00,0.72
41.00,-75.00,0.74
41.00,-74.00,0.66
41.00,-73.00,0.65
41.00,-72.00,0.65
41.00,-71.00,0.68
41.00,-70.00,0.60
41.00,-69.00,0.61
41.00,-68.00,0.63
41.00,-67.00,0.63
41.00,-66.00,0.64
41.00,-65.00,0.75
41.00,-64.00,0.70
41.00,-63.00,0.78
41.00,-62.00,0.80
41.00,-61.00,0.85
41.00,-60.00,0.85
41.00,-59.00,0.78
41.00,-58.00,0.85
41.00,-57.00,0.80
41.00,-56.00,0.89
41.00,-55.00,0.92
41.00,-54.00,0.88
41.00,-53.00,0.89
41.00,-52.00,0.92
41.00,-51.00,0.91
41.00,-50.00,0.88
40.00,-129.00,0.76
40.00,-128.00,0.75
40.00,-127.00,0.79
40.00,-126.00,0.70
40.00,-125.00,0.74
40.00,-124.00,0.66
40.00,-123.00,0.61
40.00,-122.00,0.54
40.00,-121.00,0.67
40.00,-120.00,0.51
40.00,-119.00,0.48
40.00,-118.00,0.45
40.00,-117.00,0.59
40.00,-116.00,0.53
40.00,-115.00,0.79
40.00,-114.00,0.63
40.00,-113.00,0.49
40.00,-112.00,0.63
40.00,-111.00,0.76
40.00,-110.00,0.76
40.00,-109.00,0.59
40.00,-108.00,0.53
40.00,-107.00,0.61
40.00,-106.00,0.74
40.00,-105.00,0.72
40.00,-104.00,0.57
40.00,-103.00,0.53
40.00,-102.00,0.58
40.00,-101.00,0.58
40.00,-100.00,0.69
40.00,-99.00,0.51
40.00,-98.00,0.54
40.00,-97.00,0.61
40.00,-96.00,0.56
40.00,-95.00,0.63
40.00,-94.00,0.60
40.00,-93.00,0.58
40.00,-92.00,0.63
40.00,-91.00,0.59
40.00,-90.00,0.63
40.00,-89.00,0.62
40.00,-88.00,0.60
40.00,-87.00,0.68
40.00,-86.00,0.74
40.00,-85.00,0.75
40.00,-84.00,0.74
40.00,-83.00,0.76
40.00,-82.00,0.75
40.00,-81.00,0.74
40.00,-80.00,0.66
40.00,-79.00,0.68
40.00,-78.00,0.70
40.00,-77.00,0.65
40.00,-76.00,0.73
40.00,-75.00,0.67
40.00,-74.00,0.64
40.00,-73.00,0.65
40.00,-72.00,0.54
40.00,-71.00,0.55
40.00,-70.00,0.59
40.00,-69.00,0.60
40.00,-68.00,0.65
40.00,-67.00,0.71
40.00,-66.00,0.77
40.00,-65.00,0.74
40.00,-64.00,0.77
40.00,-63.00,0.81
40.00,-62.00,0.82
40.00,-61.00,0.81
40.00,-60.00,0.85
40.00,-59.00,0.82
40.00,-58.00,0.85
40.00,-57.00,0.87
40.00,-56.00,0.87
40.00,-55.00,0.89
40.00,-54.00,0.90
40.00,-53.00,0.89
40.00,-52.00,0.90
40.00,-51.00,0.88
40.00,-50.00,0.85
39.00,-129.00,0.84
39.00,-128.00,0.77
39.00,-127.00,0.72
39.00,-126.00,0.72
39.00,-125.00,0.67
39.00,-124.00,0.56
39.00,-123.00,0.58
39.00,-122.00,0.45
39.00,-121.00,0.47
39.00,-120.00,0.66
39.00,-119.00,0.51
39.00,-118.00,0.53
39.00,-117.00,0.53
39.00,-116.00,0.55
39.00,-115.00,0.54
39.00,-114.00,0.46
39.00,-113.00,0.38
39.00,-112.00,0.47
39.00,-111.00,0.54
39.00,-110.00,0.43
39.00,-109.00,0.48
39.00,-108.00,0.68
39.00,-107.00,0.63
39.00,-106.00,0.77
39.00,-105.00,0.63
39.00,-104.00,0.48
39.00,-103.00,0.58
39.00,-102.00,0.53
39.00,-101.00,0.52
39.00,-100.00,0.57
39.00,-99.00,0.56
39.00,-98.00,0.56
39.00,-97.00,0.64
39.00,-96.00,0.61
39.00,-95.00,0.61
39.00,-94.00,0.56
39.00,-93.00,0.62
39.00,-92.00,0.60
39.00,-91.00,0.61
39.00,-90.00,0.54
39.00,-89.00,0.55
39.00,-88.00,0.65
39.00,-87.00,0.68
39.00,-86.00,0.70
39.00,-85.00,0.78
39.00,-84.00,0.67
39.00,-83.00,0.69
39.00,-82.00,0.67
39.00,-81.00,0.64
39.00,-80.00,0.74
39.00,-79.00,0.73
39.00,-78.00,0.73
39.00,-77.00,0.69
39.00,-76.00,0.68
39.00,-75.00,0.62
39.00,-74.00,0.64
39.00,-73.00,0.59
39.00,-72.00,0.59
39.00,-71.00,0.65
39.00,-70.00,0.67
39.00,-69.00,0.71
39.00,-68.00,0.79
39.00,-67.00,0.78
39.00,-66.00,0.79
39.00,-65.00,0.83
39.00,-64.00,0.85
39.00,-63.00,0.88
39.00,-62.00,0.87
39.00,-61.00,0.81
39.00,-60.00,0.86
39.00,-59.00,0.86
39.00,-58.00,0.89
39.00,-57.00,0.93
39.00,-56.00,0.87
39.00,-55.00,0.89
39.00,-54.00,0.89
39.00,-53.00,0.85
39.00,-52.00,0.88
39.00,-51.00,0.88
39.00,-50.00,0.89
38.00,-129.00,0.77
38.00,-128.00,0.69
38.00,-127.00,0.77
38.00,-126.00,0.68
38.00,-125.00,0.62
38.00,-124.00,0.52
38.00,-123.00,0.45
38.00,-122.00,0.39
38.00,-121.00,0.43
38.00,-120.00,0.57
38.00,-119.00,0.49
38.00,-118.00,0.35
38.00,-117.00,0.43
38.00,-116.00,0.46
38.00,-115.00,0.47
38.00,-114.00,0.38
38.00,-113.00,0.44
38.00,-112.00,0.66
38.00,-111.00,0.60
38.00,-110.00,0.36
38.00,-109.00,0.39
38.00,-108.00,0.67
38.00,-107.00,0.73
38.00,-106.00,0.77
38.00,-105.00,0.52
38.00,-104.00,0.45
38.00,-103.00,0.40
38.00,-102.00,0.50
38.00,-101.00,0.58
38.00,-100.00,0.50
38.00,-99.00,0.53
38.00,-98.00,0.54
38.00,-97.00,0.57
38.00,-96.00,0.59
38.00,-95.00,0.59
38.00,-94.00,0.56
38.00,-93.00,0.64
38.00,-92.00,0.52
38.00,-91.00,0.59
38.00,-90.00,0.63
38.00,-89.00,0.65
38.00,-88.00,0.69
38.00,-87.00,0.70
38.00,-86.00,0.64
38.00,-85.00,0.68
38.00,-84.00,0.68
38.00,-83.00,0.67
38.00,-82.00,0.67
38.00,-81.00,0.63
38.00,-80.00,0.65
38.00,-79.00,0.66
38.00,-78.00,0.62
38.00,-77.00,0.60
38.00,-76.00,0.59
38.00,-75.00,0.60
38.00,-74.00,0.51
38.00,-73.00,0.53
38.00,-72.00,0.65
38.00,-71.00,0.74
38.00,-70.00,0.81
38.00,-69.00,0.82
38.00,-68.00,0.80
38.00,-67.00,0.85
38.00,-66.00,0.83
38.00,-65.00,0.86
38.00,-64.00,0.85
38.00,-63.00,0.78
38.00,-62.00,0.86
38.00,-61.00,0.84
38.00,-60.00,0.85
38.00,-59.00,0.84
38.00,-58.00,0.85
38.00,-57.00,0.86
38.00,-56.00,0.89
38.00,-55.00,0.85
38.00,-54.00,0.86
38.00,-53.00,0.83
38.00,-52.00,0.86
38.00,-51.00,0.84
38.00,-50.00,0.82
37.00,-129.00,0.77
37.00,-128.00,0.75
37.00,-127.00,0.68
37.00,-126.00,0.75
37.00,-125.00,0.69
37.00,-124.00,0.60
37.00,-123.00,0.48
37.00,-122.00,0.48
37.00,-121.00,0.45
37.00,-120.00,0.40
37.00,-119.00,0.72
37.00,-118.00,0.35
37.00,-117.00,0.33
37.00,-116.00,0.35
37.00,-115.00,0.35
37.00,-114.00,0.28
37.00,-113.00,0.38
37.00,-112.00,0.53
37.00,-111.00,0.37
37.00,-110.00,0.36
37.00,-109.00,0.39
37.00,-108.00,0.53
37.00,-107.00,0.75
37.00,-106.00,0.67
37.00,-105.00,0.63
37.00,-104.00,0.49
37.00,-103.00,0.49
37.00,-102.00,0.46
37.00,-101.00,0.52
37.00,-100.00,0.51
37.00,-99.00,0.56
37.00,-98.00,0.55
37.00,-97.00,0.58
37.00,-96.00,0.58
37.00,-95.00,0.62
37.00,-94.00,0.55
37.00,-93.00,0.53
37.00,-92.00,0.60
37.00,-91.00,0.62
37.00,-90.00,0.59
37.00,-89.00,0.63
37.00,-88.00,0.65
37.00,-87.00,0.68
37.00,-86.00,0.63
37.00,-85.00,0.63
37.00,-84.00,0.66
37.00,-83.00,0.62
37.00,-82.00,0.62
37.00,-81.00,0.64
37.00,-80.00,0.64
37.00,-79.00,0.58
37.00,-78.00,0.55
37.00,-77.00,0.56
37.00,-76.00,0.51
37.00,-75.00,0.51
37.00,-74.00,0.53
37.00,-73.00,0.77
37.00,-72.00,0.76
37.00,-71.00,0.85
37.00,-70.00,0.81
37.00,-69.00,0.82
37.00,-68.00,0.84
37.00,-67.00,0.81
37.00,-66.00,0.84
37.00,-65.00,0.86
37.00,-64.00,0.78
37.00,-63.00,0.79
37.00,-62.00,0.78
37.00,-61.00,0.82
37.00,-60.00,0.81
37.00,-59.00,0.82
37.00,-58.00,0.83
37.00,-57.00,0.80
37.00,-56.00,0.80
37.00,-55.00,0.81
37.00,-54.00,0.84
37.00,-53.00,0.83
37.00,-52.00,0.82
37.00,-51.00,0.82
37.00,-50.00,0.87
36.00,-129.00,0.82
36.00,-128.00,0.76
36.00,-127.00,0.73
36.00,-126.00,0.64
36.00,-125.00,0.66
36.00,-124.00,0.58
36.00,-123.00,0.63
36.00,-122.00,0.51
36.00,-121.00,0.43
36.00,-120.00,0.41
36.00,-119.00,0.50
36.00,-118.00,0.68
36.00,-117.00,0.26
36.00,-116.00,0.27
36.00,-115.00,0.30
36.00,-114.00,0.28
36.00,-113.00,0.33
36.00,-112.00,0.39
36.00,-111.00,0.38
36.00,-110.00,0.39
36.00,-109.00,0.43
36.00,-108.00,0.46
36.00,-107.00,0.43
36.00,-106.00,0.56
36.00,-105.00,0.64
36.00,-104.00,0.43
36.00,-103.00,0.38
36.00,-102.00,0.40
36.00,-101.00,0.46
36.00,-100.00,0.47
36.00,-99.00,0.51
36.00,-98.00,0.56
36.00,-97.00,0.63
36.00,-96.00,0.53
36.00,-95.00,0.60
36.00,-94.00,0.64
36.00,-93.00,0.53
36.00,-92.00,0.50
36.00,-91.00,0.55
36.00,-90.00,0.66
36.00,-89.00,0.59
36.00,-88.00,0.67
36.00,-87.00,0.61
36.00,-86.00,0.63
36.00,-85.00,0.60
36.00,-84.00,0.62
36.00,-83.00,0.60
36.00,-82.00,0.59
36.00,-81.00,0.60
36.00,-80.00,0.62
36.00,-79.00,0.60
36.00,-78.00,0.50
36.00,-77.00,0.58
36.00,-76.00,0.53
36.00,-75.00,0.54
36.00,-74.00,0.77
36.00,-73.00,0.81
36.00,-72.00,0.79
36.00,-71.00,0.79
36.00,-70.00,0.79
36.00,-69.00,0.77
36.00,-68.00,0.78
36.00,-67.00,0.75
36.00,-66.00,0.77
36.00,-65.00,0.80
36.00,-64.00,0.79
36.00,-63.00,0.75
36.00,-62.00,0.77
36.00,-61.00,0.75
36.00,-60.00,0.81
36.00,-59.00,0.77
36.00,-58.00,0.74
36.00,-57.00,0.73
36.00,-56.00,0.77
36.00,-55.00,0.75
36.00,-54.00,0.72
36.00,-53.00,0.79
36.00,-52.00,0.76
36.00,-51.00,0.80
36.00,-50.00,0.82
35.00,-129.00,0.80
35.00,-128.00,0.74
35.00,-127.00,0.70
35.00,-126.00,0.69
35.00,-125.00,0.62
35.00,-124.00,0.62
35.00,-123.00,0.61
35.00,-122.00,0.61
35.00,-121.00,0.55
35.00,-120.00,0.42
35.00,-119.00,0.40
35.00,-118.00,0.40
35.00,-117.00,0.25
35.00,-116.00,0.24
35.00,-115.00,0.28
35.00,-114.00,0.24
35.00,-113.00,0.33
35.00,-112.00,0.37
35.00,-111.00,0.35
35.00,-110.00,0.36
35.00,-109.00,0.41
35.00,-108.00,0.46
35.00,-107.00,0.43
35.00,-106.00,0.42
35.00,-105.00,0.52
35.00,-104.00,0.38
35.00,-103.00,0.38
35.00,-102.00,0.40
35.00,-101.00,0.46
35.00,-100.00,0.49
35.00,-99.00,0.55
35.00,-98.00,0.51
35.00,-97.00,0.55
35.00,-96.00,0.46
35.00,-95.00,0.60
35.00,-94.00,0.57
35.00,-93.00,0.57
35.00,-92.00,0.50
35.00,-91.00,0.58
35.00,-90.00,0.64
35.00,-89.00,0.63
35.00,-88.00,0.63
35.00,-87.00,0.62
35.00,-86.00,0.59
35.00,-85.00,0.59
35.00,-84.00,0.61
35.00,-83.00,0.65
35.00,-82.00,0.55
35.00,-81.00,0.63
35.00,-80.00,0.58
35.00,-79.00,0.58
35.00,-78.00,0.54
35.00,-77.00,0.56
35.00,-76.00,0.51
35.00,-75.00,0.56
35.00,-74.00,0.70
35.00,-73.00,0.75
35.00,-72.00,0.75
35.00,-71.00,0.76
35.00,-70.00,0.78
35.00,-69.00,0.73
35.00,-68.00,0.73
35.00,-67.00,0.69
35.00,-66.00,0.73
35.00,-65.00,0.70
35.00,-64.00,0.77
35.00,-63.00,0.72
35.00,-62.00,0.73
35.00,-61.00,0.73
35.00,-60.00,0.76
35.00,-59.00,0.73
35.00,-58.00,0.76
35.00,-57.00,0.74
35.00,-56.00,0.74
35.00,-55.00,0.74
35.00,-54.00,0.80
35.00,-53.00,0.76
35.00,-52.00,0.77
35.00,-51.00,0.73
35.00,-50.00,0.69
34.00,-129.00,0.78
34.00,-128.00,0.73
34.00,-127.00,0.70
34.00,-126.00,0.70
34.00,-125.00,0.71
34.00,-124.00,0.73
34.00,-123.00,0.72
34.00,-122.00,0.69
34.00,-121.00,0.53
34.00,-120.00,0.38
34.00,-119.00,0.30
34.00,-118.00,0.32
34.00,-117.00,0.25
34.00,-116.00,0.22
34.00,-115.00,0.18
34.00,-114.00,0.18
34.00,-113.00,0.32
34.00,-112.00,0.41
34.00,-111.00,0.37
34.00,-110.00,0.33
34.00,-109.00,0.37
34.00,-108.00,0.44
34.00,-107.00,0.38
34.00,-106.00,0.40
34.00,-105.00,0.39
34.00,-104.00,0.38
34.00,-103.00,0.38
34.00,-102.00,0.42
34.00,-101.00,0.45
34.00,-100.00,0.43
34.00,-99.00,0.47
34.00,-98.00,0.45
34.00,-97.00,0.49
34.00,-96.00,0.55
34.00,-95.00,0.56
34.00,-94.00,0.59
34.00,-93.00,0.53
34.00,-92.00,0.56
34.00,-91.00,0.71
34.00,-90.00,0.60
34.00,-89.00,0.56
34.00,-88.00,0.59
34.00,-87.00,0.56
34.00,-86.00,0.61
34.00,-85.00,0.60
34.00,-84.00,0.61
34.00,-83.00,0.60
34.00,-82.00,0.64
34.00,-81.00,0.63
34.00,-80.00,0.64
34.00,-79.00,0.63
34.00,-78.00,0.63
34.00,-77.00,0.49
34.00,-76.00,0.46
34.00,-75.00,0.64
34.00,-74.00,0.70
34.00,-73.00,0.69
34.00,-72.00,0.72
34.00,-71.00,0.66
34.00,-70.00,0.62
34.00,-69.00,0.69
34.00,-68.00,0.67
34.00,-67.00,0.69
34.00,-66.00,0.67
34.00,-65.00,0.73
34.00,-64.00,0.70
34.00,-63.00,0.65
34.00,-62.00,0.66
34.00,-61.00,0.75
34.00,-60.00,0.67
34.00,-59.00,0.68
34.00,-58.00,0.72
34.00,-57.00,0.69
34.00,-56.00,0.71
34.00,-55.00,0.69
34.00,-54.00,0.69
34.00,-53.00,0.68
34.00,-52.00,0.69
34.00,-51.00,0.69
34.00,-50.00,0.67
33.00,-129.00,0.75
33.00,-128.00,0.68
33.00,-127.00,0.74
33.00,-126.00,0.69
33.00,-125.00,0.69
33.00,-124.00,0.62
33.00,-123.00,0.65
33.00,-122.00,0.66
33.00,-121.00,0.63
33.00,-120.00,0.50
33.00,-119.00,0.42
33.00,-118.00,0.38
33.00,-117.00,0.39
33.00,-116.00,0.24
33.00,-115.00,0.18
33.00,-114.00,0.18
33.00,-113.00,0.21
33.00,-112.00,0.31
33.00,-111.00,0.33
33.00,-110.00,0.32
33.00,-109.00,0.39
33.00,-108.00,0.37
33.00,-107.00,0.35
33.00,-106.00,0.31
33.00,-105.00,0.38
33.00,-104.00,0.30
33.00,-103.00,0.37
33.00,-102.00,0.37
33.00,-101.00,0.36
33.00,-100.00,0.38
33.00,-99.00,0.42
33.00,-98.00,0.40
33.00,-97.00,0.47
33.00,-96.00,0.50
33.00,-95.00,0.58
33.00,-94.00,0.52
33.00,-93.00,0.58
33.00,-92.00,0.56
33.00,-91.00,0.65
33.00,-90.00,0.58
33.00,-89.00,0.57
33.00,-88.00,0.55
33.00,-87.00,0.61
33.00,-86.00,0.50
33.00,-85.00,0.58
33.00,-84.00,0.60
33.00,-83.00,0.59
33.00,-82.00,0.59
33.00,-81.00,0.65
33.00,-80.00,0.61
33.00,-79.00,0.65
33.00,-78.00,0.51
33.00,-77.00,0.51
33.00,-76.00,0.62
33.00,-75.00,0.69
33.00,-74.00,0.69
33.00,-73.00,0.62
33.00,-72.00,0.62
33.00,-71.00,0.67
33.00,-70.00,0.60
33.00,-69.00,0.64
33.00,-68.00,0.66
33.00,-67.00,0.62
33.00,-66.00,0.56
33.00,-65.00,0.70
33.00,-64.00,0.70
33.00,-63.00,0.68
33.00,-62.00,0.65
33.00,-61.00,0.67
33.00,-60.00,0.68
33.00,-59.00,0.62
33.00,-58.00,0.64
33.00,-57.00,0.65
33.00,-56.00,0.68
33.00,-55.00,0.70
33.00,-54.00,0.67
33.00,-53.00,0.68
33.00,-52.00,0.72
33.00,-51.00,0.62
33.00,-50.00,0.65
32.00,-129.00,0.70
32.00,-128.00,0.73
32.00,-127.00,0.67
32.00,-126.00,0.72
32.00,-125.00,0.69
32.00,-124.00,0.68
32.00,-123.00,0.71
32.00,-122.00,0.67
32.00,-121.00,0.64
32.00,-120.00,0.52
32.00,-119.00,0.53
32.00,-118.00,0.54
32.00,-117.00,0.48
32.00,-116.00,0.27
32.00,-115.00,0.19
32.00,-114.00,0.15
32.00,-113.00,0.20
32.00,-112.00,0.17
32.00,-111.00,0.24
32.00,-110.00,0.26
32.00,-109.00,0.29
32.00,-108.00,0.29
32.00,-107.00,0.23
32.00,-106.00,0.33
32.00,-105.00,0.37
32.00,-104.00,0.36
32.00,-103.00,0.37
32.00,-102.00,0.37
32.00,-101.00,0.41
32.00,-100.00,0.38
32.00,-99.00,0.44
32.00,-98.00,0.42
32.00,-97.00,0.50
32.00,-96.00,0.53
32.00,-95.00,0.57
32.00,-94.00,0.57
32.00,-93.00,0.57
32.00,-92.00,0.62
32.00,-91.00,0.59
32.00,-90.00,0.58
32.00,-89.00,0.56
32.00,-88.00,0.62
32.00,-87.00,0.58
32.00,-86.00,0.53
32.00,-85.00,0.58
32.00,-84.00,0.62
32.00,-83.00,0.56
32.00,-82.00,0.62
32.00,-81.00,0.63
32.00,-80.00,0.64
32.00,-79.00,0.46
32.00,-78.00,0.58
32.00,-77.00,0.69
32.00,-76.00,0.71
32.00,-75.00,0.66
32.00,-74.00,0.63
32.00,-73.00,0.63
32.00,-72.00,0.55
32.00,-71.00,0.68
32.00,-70.00,0.59
32.00,-69.00,0.60
32.00,-68.00,0.55
32.00,-67.00,0.61
32.00,-66.00,0.64
32.00,-65.00,0.61
32.00,-64.00,0.61
32.00,-63.00,0.66
32.00,-62.00,0.66
32.00,-61.00,0.64
32.00,-60.00,0.65
32.00,-59.00,0.64
32.00,-58.00,0.69
32.00,-57.00,0.65
32.00,-56.00,0.71
32.00,-55.00,0.68
32.00,-54.00,0.68
32.00,-53.00,0.65
32.00,-52.00,0.70
32.00,-51.00,0.67
32.00,-50.00,0.65
31.00,-129.00,0.77
31.00,-128.00,0.76
31.00,-127.00,0.75
31.00,-126.00,0.70
31.00,-125.00,0.61
31.00,-124.00,0.70
31.00,-123.00,0.66
31.00,-122.00,0.64
31.00,-121.00,0.61
31.00,-120.00,0.56
31.00,-119.00,0.55
31.00,-118.00,0.62
31.00,-117.00,0.56
31.00,-116.00,0.26
31.00,-115.00,0.17
31.00,-114.00,0.15
31.00,-113.00,0.17
31.00,-112.00,0.14
31.00,-111.00,0.20
31.00,-110.00,0.25
31.00,-109.00,0.25
31.00,-108.00,0.26
31.00,-107.00,0.25
31.00,-106.00,0.27
31.00,-105.00,0.28
31.00,-104.00,0.28
31.00,-103.00,0.31
31.00,-102.00,0.29
31.00,-101.00,0.38
31.00,-100.00,0.41
31.00,-99.00,0.47
31.00,-98.00,0.49
31.00,-97.00,0.49
31.00,-96.00,0.51
31.00,-95.00,0.55
31.00,-94.00,0.60
31.00,-93.00,0.60
31.00,-92.00,0.59
31.00,-91.00,0.55
31.00,-90.00,0.56
31.00,-89.00,0.56
31.00,-88.00,0.61
31.00,-87.00,0.62
31.00,-86.00,0.57
31.00,-85.00,0.59
31.00,-84.00,0.58
31.00,-83.00,0.63
31.00,-82.00,0.63
31.00,-81.00,0.61
31.00,-80.00,0.45
31.00,-79.00,0.60
31.00,-78.00,0.68
31.00,-77.00,0.69
31.00,-76.00,0.67
31.00,-75.00,0.60
31.00,-74.00,0.63
31.00,-73.00,0.66
31.00,-72.00,0.63
31.00,-71.00,0.63
31.00,-70.00,0.56
31.00,-69.00,0.62
31.00,-68.00,0.64
31.00,-67.00,0.66
31.00,-66.00,0.62
31.00,-65.00,0.61
31.00,-64.00,0.55
31.00,-63.00,0.63
31.00,-62.00,0.63
31.00,-61.00,0.60
31.00,-60.00,0.63
31.00,-59.00,0.70
31.00,-58.00,0.65
31.00,-57.00,0.63
31.00,-56.00,0.60
31.00,-55.00,0.61
31.00,-54.00,0.73
31.00,-53.00,0.69
31.00,-52.00,0.69
31.00,-51.00,0.67
31.00,-50.00,0.59
30.00,-129.00,0.73
30.00,-128.00,0.73
30.00,-127.00,0.73
30.00,-126.00,0.72
30.00,-125.00,0.59
30.00,-124.00,0.65
30.00,-123.00,0.64
30.00,-122.00,0.67
30.00,-121.00,0.51
30.00,-120.00,0.65
30.00,-119.00,0.56
30.00,-118.00,0.60
30.00,-117.00,0.58
30.00,-116.00,0.52
30.00,-115.00,0.13
30.00,-114.00,0.13
30.00,-113.00,0.20
30.00,-112.00,0.14
30.00,-111.00,0.18
30.00,-110.00,0.22
30.00,-109.00,0.25
30.00,-108.00,0.24
30.00,-107.00,0.20
30.00,-106.00,0.20
30.00,-105.00,0.28
30.00,-104.00,0.34
30.00,-103.00,0.28
30.00,-102.00,0.33
30.00,-101.00,0.37
30.00,-100.00,0.40
30.00,-99.00,0.43
30.00,-98.00,0.46
30.00,-97.00,0.55
30.00,-96.00,0.64
30.00,-95.00,0.58
30.00,-94.00,0.63
30.00,-93.00,0.62
30.00,-92.00,0.69
30.00,-91.00,0.59
30.00,-90.00,0.59
30.00,-89.00,0.56
30.00,-88.00,0.61
30.00,-87.00,0.62
30.00,-86.00,0.59
30.00,-85.00,0.65
30.00,-84.00,0.62
30.00,-83.00,0.62
30.00,-82.00,0.63
30.00,-81.00,0.56
30.00,-80.00,0.53
30.00,-79.00,0.64
30.00,-78.00,0.69
30.00,-77.00,0.58
30.00,-76.00,0.62
30.00,-75.00,0.63
30.00,-74.00,0.63
30.00,-73.00,0.59
30.00,-72.00,0.57
30.00,-71.00,0.48
30.00,-70.00,0.54
30.00,-69.00,0.55
30.00,-68.00,0.56
30.00,-67.00,0.62
30.00,-66.00,0.56
30.00,-65.00,0.56
30.00,-64.00,0.50
30.00,-63.00,0.67
30.00,-62.00,0.67
30.00,-61.00,0.59
30.00,-60.00,0.66
30.00,-59.00,0.62
30.00,-58.00,0.62
30.00,-57.00,0.57
30.00,-56.00,0.66
30.00,-55.00,0.61
30.00,-54.00,0.60
30.00,-53.00,0.60
30.00,-52.00,0.65
30.00,-51.00,0.61
30.00,-50.00,0.64
29.00,-129.00,0.70
29.00,-128.00,0.69
29.00,-127.00,0.70
29.00,-126.00,0.72
29.00,-125.00,0.73
29.00,-124.00,0.72
29.00,-123.00,0.68
29.00,-122.00,0.67
29.00,-121.00,0.61
29.00,-120.00,0.65
29.00,-119.00,0.65
29.00,-118.00,0.59
29.00,-117.00,0.62
29.00,-116.00,0.51
29.00,-115.00,0.41
29.00,-114.00,0.16
29.00,-113.00,0.14
29.00,-112.00,0.18
29.00,-111.00,0.15
29.00,-110.00,0.23
29.00,-109.00,0.23
29.00,-108.00,0.32
29.00,-107.00,0.24
29.00,-106.00,0.22
29.00,-105.00,0.26
29.00,-104.00,0.22
29.00,-103.00,0.25
29.00,-102.00,0.30
29.00,-101.00,0.39
29.00,-100.00,0.45
29.00,-99.00,0.46
29.00,-98.00,0.43
29.00,-97.00,0.53
29.00,-96.00,0.62
29.00,-95.00,0.65
29.00,-94.00,0.58
29.00,-93.00,0.53
29.00,-92.00,0.52
29.00,-91.00,0.51
29.00,-90.00,0.61
29.00,-89.00,0.45
29.00,-88.00,0.54
29.00,-87.00,0.52
29.00,-86.00,0.59
29.00,-85.00,0.47
29.00,-84.00,0.45
29.00,-83.00,0.49
29.00,-82.00,0.59
29.00,-81.00,0.55
29.00,-80.00,0.40
29.00,-79.00,0.63
29.00,-78.00,0.68
29.00,-77.00,0.62
29.00,-76.00,0.58
29.00,-75.00,0.60
29.00,-74.00,0.61
29.00,-73.00,0.62
29.00,-72.00,0.59
29.00,-71.00,0.53
29.00,-70.00,0.61
29.00,-69.00,0.51
29.00,-68.00,0.62
29.00,-67.00,0.56
29.00,-66.00,0.61
29.00,-65.00,0.57
29.00,-64.00,0.56
29.00,-63.00,0.50
29.00,-62.00,0.56
29.00,-61.00,0.58
29.00,-60.00,0.63
29.00,-59.00,0.64
29.00,-58.00,0.64
29.00,-57.00,0.65
29.00,-56.00,0.58
29.00,-55.00,0.62
29.00,-54.00,0.58
29.00,-53.00,0.62
29.00,-52.00,0.56
29.00,-51.00,0.56
29.00,-50.00,0.58
28.00,-129.00,0.72
28.00,-128.00,0.75
28.00,-127.00,0.73
28.00,-126.00,0.73
28.00,-125.00,0.71
28.00,-124.00,0.65
28.00,-123.00,0.73
28.00,-122.00,0.64
28.00,-121.00,0.69
28.00,-120.00,0.65
28.00,-119.00,0.62
28.00,-118.00,0.59
28.00,-117.00,0.56
28.00,-116.00,0.55
28.00,-115.00,0.56
28.00,-114.00,0.45
28.00,-113.00,0.12
28.00,-112.00,0.40
28.00,-111.00,0.20
28.00,-110.00,0.17
28.00,-109.00,0.19
28.00,-108.00,0.21
28.00,-107.00,0.28
28.00,-106.00,0.27
28.00,-105.00,0.24
28.00,-104.00,0.25
28.00,-103.00,0.28
28.00,-102.00,0.36
28.00,-101.00,0.45
28.00,-100.00,0.50
28.00,-99.00,0.38
28.00,-98.00,0.42
28.00,-97.00,0.62
28.00,-96.00,0.54
28.00,-95.00,0.52
28.00,-94.00,0.60
28.00,-93.00,0.52
28.00,-92.00,0.58
28.00,-91.00,0.52
28.00,-90.00,0.44
28.00,-89.00,0.59
28.00,-88.00,0.62
28.00,-87.00,0.58
28.00,-86.00,0.63
28.00,-85.00,0.63
28.00,-84.00,0.44
28.00,-83.00,0.38
28.00,-82.00,0.55
28.00,-81.00,0.56
28.00,-80.00,0.39
28.00,-79.00,0.60
28.00,-78.00,0.67
28.00,-77.00,0.55
28.00,-76.00,0.54
28.00,-75.00,0.59
28.00,-74.00,0.60
28.00,-73.00,0.64
28.00,-72.00,0.58
28.00,-71.00,0.55
28.00,-70.00,0.59
28.00,-69.00,0.56
28.00,-68.00,0.66
28.00,-67.00,0.54
28.00,-66.00,0.54
28.00,-65.00,0.55
28.00,-64.00,0.54
28.00,-63.00,0.57
28.00,-62.00,0.58
28.00,-61.00,0.56
28.00,-60.00,0.58
28.00,-59.00,0.63
28.00,-58.00,0.59
28.00,-57.00,0.67
28.00,-56.00,0.64
28.00,-55.00,0.56
28.00,-54.00,0.59
28.00,-53.00,0.57
28.00,-52.00,0.61
28.00,-51.00,0.59
28.00,-50.00,0.58
27.00,-129.00,0.69
27.00,-128.00,0.75
27.00,-127.00,0.75
27.00,-126.00,0.74
27.00,-125.00,0.77
27.00,-124.00,0.75
27.00,-123.00,0.68
27.00,-122.00,0.63
27.00,-121.00,0.69
27.00,-120.00,0.62
27.00,-119.00,0.59
27.00,-118.00,0.62
27.00,-117.00,0.56
27.00,-116.00,0.51
27.00,-115.00,0.49
27.00,-114.00,0.12
27.00,-113.00,0.23
27.00,-112.00,0.17
27.00,-111.00,0.27
27.00,-110.00,0.15
27.00,-109.00,0.20
27.00,-108.00,0.21
27.00,-107.00,0.16
27.00,-106.00,0.20
27.00,-105.00,0.18
27.00,-104.00,0.21
27.00,-103.00,0.18
27.00,-102.00,0.28
27.00,-101.00,0.34
27.00,-100.00,0.40
27.00,-99.00,0.50
27.00,-98.00,0.46
27.00,-97.00,0.56
27.00,-96.00,0.49
27.00,-95.00,0.58
27.00,-94.00,0.51
27.00,-93.00,0.59
27.00,-92.00,0.57
27.00,-91.00,0.46
27.00,-90.00,0.57
27.00,-89.00,0.64
27.00,-88.00,0.60
27.00,-87.00,0.63
27.00,-86.00,0.65
27.00,-85.00,0.58
27.00,-84.00,0.49
27.00,-83.00,0.35
27.00,-82.00,0.54
27.00,-81.00,0.64
27.00,-80.00,0.66
27.00,-79.00,0.56
27.00,-78.00,0.63
27.00,-77.00,0.56
27.00,-76.00,0.51
27.00,-75.00,0.60
27.00,-74.00,0.55
27.00,-73.00,0.52
27.00,-72.00,0.57
27.00,-71.00,0.53
27.00,-70.00,0.55
27.00,-69.00,0.58
27.00,-68.00,0.54
27.00,-67.00,0.52
27.00,-66.00,0.61
27.00,-65.00,0.54
27.00,-64.00,0.52
27.00,-63.00,0.59
27.00,-62.00,0.51
27.00,-61.00,0.52
27.00,-60.00,0.66
27.00,-59.00,0.62
27.00,-58.00,0.58
27.00,-57.00,0.62
27.00,-56.00,0.53
27.00,-55.00,0.61
27.00,-54.00,0.56
27.00,-53.00,0.57
27.00,-52.00,0.48
27.00,-51.00,0.55
27.00,-50.00,0.51
26.00,-129.00,0.74
26.00,-128.00,0.76
26.00,-127.00,0.73
26.00,-126.00,0.71
26.00,-125.00,0.73
26.00,-124.00,0.74
26.00,-123.00,0.69
26.00,-122.00,0.67
26.00,-121.00,0.69
26.00,-120.00,0.62
26.00,-119.00,0.62
26.00,-118.00,0.58
26.00,-117.00,0.61
26.00,-116.00,0.62
26.00,-115.00,0.55
26.00,-114.00,0.38
26.00,-113.00,0.23
26.00,-112.00,0.14
26.00,-111.00,0.25
26.00,-110.00,0.28
26.00,-109.00,0.26
26.00,-108.00,0.22
26.00,-107.00,0.23
26.00,-106.00,0.34
26.00,-105.00,0.22
26.00,-104.00,0.16
26.00,-103.00,0.17
26.00,-102.00,0.24
26.00,-101.00,0.37
26.00,-100.00,0.36
26.00,-99.00,0.49
26.00,-98.00,0.51
26.00,-97.00,0.55
26.00,-96.00,0.60
26.00,-95.00,0.66
26.00,-94.00,0.62
26.00,-93.00,0.65
26.00,-92.00,0.53
26.00,-91.00,0.52
26.00,-90.00,0.60
26.00,-89.00,0.62
26.00,-88.00,0.65
26.00,-87.00,0.69
26.00,-86.00,0.66
26.00,-85.00,0.61
26.00,-84.00,0.45
26.00,-83.00,0.39
26.00,-82.00,0.33
26.00,-81.00,0.64
26.00,-80.00,0.70
26.00,-79.00,0.54
26.00,-78.00,0.62
26.00,-77.00,0.49
26.00,-76.00,0.47
26.00,-75.00,0.53
26.00,-74.00,0.50
26.00,-73.00,0.55
26.00,-72.00,0.46
26.00,-71.00,0.52
26.00,-70.00,0.53
26.00,-69.00,0.52
26.00,-68.00,0.55
26.00,-67.00,0.53
26.00,-66.00,0.59
26.00,-65.00,0.64
26.00,-64.00,0.60
26.00,-63.00,0.57
26.00,-62.00,0.55
26.00,-61.00,0.59
26.00,-60.00,0.53
26.00,-59.00,0.46
26.00,-58.00,0.55
26.00,-57.00,0.63
26.00,-56.00,0.49
26.00,-55.00,0.47
26.00,-54.00,0.54
26.00,-53.00,0.59
26.00,-52.00,0.56
26.00,-51.00,0.55
26.00,-50.00,0.51
25.00,-129.00,0.76
25.00,-128.00,0.75
25.00,-127.00,0.79
25.00,-126.00,0.78
25.00,-125.00,0.75
25.00,-124.00,0.71
25.00,-123.00,0.70
25.00,-122.00,0.70
25.00,-121.00,0.70
25.00,-120.00,0.69
25.00,-119.00,0.66
25.00,-118.00,0.65
25.00,-117.00,0.66
25.00,-116.00,0.56
25.00,-115.00,0.56
25.00,-114.00,0.52
25.00,-113.00,0.37
25.00,-112.00,0.31
25.00,-111.00,0.14
25.00,-110.00,0.35
25.00,-109.00,0.37
25.00,-108.00,0.21
25.00,-107.00,0.24
25.00,-106.00,0.30
25.00,-105.00,0.20
25.00,-104.00,0.34
25.00,-103.00,0.27
25.00,-102.00,0.31
25.00,-101.00,0.17
25.00,-100.00,0.45
25.00,-99.00,0.52
25.00,-98.00,0.49
25.00,-97.00,0.65
25.00,-96.00,0.63
25.00,-95.00,0.61
25.00,-94.00,0.59
25.00,-93.00,0.55
25.00,-92.00,0.55
25.00,-91.00,0.52
25.00,-90.00,0.53
25.00,-89.00,0.51
25.00,-88.00,0.63
25.00,-87.00,0.67
25.00,-86.00,0.64
25.00,-85.00,0.61
25.00,-84.00,0.59
25.00,-83.00,0.33
25.00,-82.00,0.31
25.00,-81.00,0.30
25.00,-80.00,0.64
25.00,-79.00,0.49
25.00,-78.00,0.41
25.00,-77.00,0.41
25.00,-76.00,0.50
25.00,-75.00,0.48
25.00,-74.00,0.48
25.00,-73.00,0.55
25.00,-72.00,0.48
25.00,-71.00,0.56
25.00,-70.00,0.52
25.00,-69.00,0.52
25.00,-68.00,0.46
25.00,-67.00,0.52
25.00,-66.00,0.61
25.00,-65.00,0.62
25.00,-64.00,0.62
25.00,-63.00,0.56
25.00,-62.00,0.56
25.00,-61.00,0.57
25.00,-60.00,0.54
25.00,-59.00,0.53
25.00,-58.00,0.52
25.00,-57.00,0.50
25.00,-56.00,0.48
25.00,-55.00,0.60
25.00,-54.00,0.47
25.00,-53.00,0.55
25.00,-52.00,0.54
25.00,-51.00,0.52
25.00,-50.00,0.53
24.00,-129.00,0.74
24.00,-128.00,0.81
24.00,-127.00,0.77
24.00,-126.00,0.76
24.00,-125.00,0.81
24.00,-124.00,0.83
24.00,-123.00,0.72
24.00,-122.00,0.69
24.00,-121.00,0.71
24.00,-120.00,0.69
24.00,-119.00,0.73
24.00,-118.00,0.73
24.00,-117.00,0.69
24.00,-116.00,0.62
24.00,-115.00,0.60
24.00,-114.00,0.53
24.00,-113.00,0.53
24.00,-112.00,0.43
24.00,-111.00,0.14
24.00,-110.00,0.35
24.00,-109.00,0.41
24.00,-108.00,0.46
24.00,-107.00,0.25
24.00,-106.00,0.22
24.00,-105.00,0.23
24.00,-104.00,0.25
24.00,-103.00,0.29
24.00,-102.00,0.32
24.00,-101.00,0.26
24.00,-100.00,0.35
24.00,-99.00,0.52
24.00,-98.00,0.54
24.00,-97.00,0.49
24.00,-96.00,0.58
24.00,-95.00,0.52
24.00,-94.00,0.51
24.00,-93.00,0.52
24.00,-92.00,0.57
24.00,-91.00,0.46
24.00,-90.00,0.42
24.00,-89.00,0.51
24.00,-88.00,0.40
24.00,-87.00,0.68
24.00,-86.00,0.61
24.00,-85.00,0.55
24.00,-84.00,0.52
24.00,-83.00,0.37
24.00,-82.00,0.32
24.00,-81.00,0.33
24.00,-80.00,0.55
24.00,-79.00,0.41
24.00,-78.00,0.37
24.00,-77.00,0.37
24.00,-76.00,0.31
24.00,-75.00,0.40
24.00,-74.00,0.44
24.00,-73.00,0.45
24.00,-72.00,0.55
24.00,-71.00,0.52
24.00,-70.00,0.58
24.00,-69.00,0.49
24.00,-68.00,0.51
24.00,-67.00,0.53
24.00,-66.00,0.57
24.00,-65.00,0.56
24.00,-64.00,0.60
24.00,-63.00,0.59
24.00,-62.00,0.62
24.00,-61.00,0.58
24.00,-60.00,0.52
24.00,-59.00,0.51
24.00,-58.00,0.53
24.00,-57.00,0.50
24.00,-56.00,0.54
24.00,-55.00,0.51
24.00,-54.00,0.48
24.00,-53.00,0.45
24.00,-52.00,0.49
24.00,-51.00,0.49
24.00,-50.00,0.52
23.00,-129.00,0.81
23.00,-128.00,0.75
23.00,-127.00,0.75
23.00,-126.00,0.74
23.00,-125.00,0.72
23.00,-124.00,0.79
23.00,-123.00,0.78
23.00,-122.00,0.76
23.00,-121.00,0.70
23.00,-120.00,0.77
23.00,-119.00,0.71
23.00,-118.00,0.73
23.00,-117.00,0.73
23.00,-116.00,0.67
23.00,-115.00,0.63
23.00,-114.00,0.57
23.00,-113.00,0.57
23.00,-112.00,0.54
23.00,-111.00,0.48
23.00,-110.00,0.44
23.00,-109.00,0.28
23.00,-108.00,0.35
23.00,-107.00,0.33
23.00,-106.00,0.19
23.00,-105.00,0.22
23.00,-104.00,0.20
23.00,-103.00,0.28
23.00,-102.00,0.27
23.00,-101.00,0.28
23.00,-100.00,0.30
23.00,-99.00,0.32
23.00,-98.00,0.45
23.00,-97.00,0.47
23.00,-96.00,0.58
23.00,-95.00,0.59
23.00,-94.00,0.51
23.00,-93.00,0.42
23.00,-92.00,0.53
23.00,-91.00,0.45
23.00,-90.00,0.44
23.00,-89.00,0.44
23.00,-88.00,0.40
23.00,-87.00,0.41
23.00,-86.00,0.53
23.00,-85.00,0.45
23.00,-84.00,0.36
23.00,-83.00,0.38
23.00,-82.00,0.42
23.00,-81.00,0.46
23.00,-80.00,0.39
23.00,-79.00,0.42
23.00,-78.00,0.36
23.00,-77.00,0.40
23.00,-76.00,0.36
23.00,-75.00,0.27
23.00,-74.00,0.33
23.00,-73.00,0.42
23.00,-72.00,0.47
23.00,-71.00,0.50
23.00,-70.00,0.56
23.00,-69.00,0.56
23.00,-68.00,0.47
23.00,-67.00,0.51
23.00,-66.00,0.57
23.00,-65.00,0.47
23.00,-64.00,0.55
23.00,-63.00,0.50
23.00,-62.00,0.50
23.00,-61.00,0.51
23.00,-60.00,0.47
23.00,-59.00,0.50
23.00,-58.00,0.53
23.00,-57.00,0.43
23.00,-56.00,0.49
23.00,-55.00,0.50
23.00,-54.00,0.44
23.00,-53.00,0.45
23.00,-52.00,0.50
23.00,-51.00,0.45
23.00,-50.00,0.52
22.00,-129.00,0.76
22.00,-128.00,0.79
22.00,-127.00,0.73
22.00,-126.00,0.77
22.00,-125.00,0.84
22.00,-124.00,0.76
22.00,-123.00,0.80
22.00,-122.00,0.78
22.00,-121.00,0.75
22.00,-120.00,0.72
22.00,-119.00,0.79
22.00,-118.00,0.73
22.00,-117.00,0.73
22.00,-116.00,0.69
22.00,-115.00,0.67
22.00,-114.00,0.57
22.00,-113.00,0.58
22.00,-112.00,0.57
22.00,-111.00,0.56
22.00,-110.00,0.46
22.00,-109.00,0.42
22.00,-108.00,0.40
22.00,-107.00,0.37
22.00,-106.00,0.35
22.00,-105.00,0.24
22.00,-104.00,0.18
22.00,-103.00,0.29
22.00,-102.00,0.30
22.00,-101.00,0.22
22.00,-100.00,0.25
22.00,-99.00,0.34
22.00,-98.00,0.48
22.00,-97.00,0.49
22.00,-96.00,0.63
22.00,-95.00,0.56
22.00,-94.00,0.57
22.00,-93.00,0.50
22.00,-92.00,0.51
22.00,-91.00,0.45
22.00,-90.00,0.38
22.00,-89.00,0.26
22.00,-88.00,0.33
22.00,-87.00,0.33
22.00,-86.00,0.49
22.00,-85.00,0.43
22.00,-84.00,0.42
22.00,-83.00,0.69
22.00,-82.00,0.32
22.00,-81.00,0.57
22.00,-80.00,0.65
22.00,-79.00,0.42
22.00,-78.00,0.34
22.00,-77.00,0.39
22.00,-76.00,0.37
22.00,-75.00,0.40
22.00,-74.00,0.45
22.00,-73.00,0.49
22.00,-72.00,0.45
22.00,-71.00,0.44
22.00,-70.00,0.50
22.00,-69.00,0.55
22.00,-68.00,0.50
22.00,-67.00,0.49
22.00,-66.00,0.54
22.00,-65.00,0.45
22.00,-64.00,0.57
22.00,-63.00,0.47
22.00,-62.00,0.48
22.00,-61.00,0.47
22.00,-60.00,0.48
22.00,-59.00,0.45
22.00,-58.00,0.49
22.00,-57.00,0.47
22.00,-56.00,0.52
22.00,-55.00,0.55
22.00,-54.00,0.46
22.00,-53.00,0.44
22.00,-52.00,0.47
22.00,-51.00,0.49
22.00,-50.00,0.52
21.00,-129.00,0.88
21.00,-128.00,0.74
21.00,-127.00,0.87
21.00,-126.00,0.85
21.00,-125.00,0.88
21.00,-124.00,0.86
21.00,-123.00,0.80
21.00,-122.00,0.82
21.00,-121.00,0.77
21.00,-120.00,0.82
21.00,-119.00,0.81
21.00,-118.00,0.72
21.00,-117.00,0.72
21.00,-116.00,0.74
21.00,-115.00,0.66
21.00,-114.00,0.63
21.00,-113.00,0.65
21.00,-112.00,0.63
21.00,-111.00,0.60
21.00,-110.00,0.57
21.00,-109.00,0.48
21.00,-108.00,0.46
21.00,-107.00,0.29
21.00,-106.00,0.29
21.00,-105.00,0.28
21.00,-104.00,0.20
21.00,-103.00,0.18
21.00,-102.00,0.19
21.00,-101.00,0.28
21.00,-100.00,0.28
21.00,-99.00,0.27
21.00,-98.00,0.49
21.00,-97.00,0.47
21.00,-96.00,0.53
21.00,-95.00,0.62
21.00,-94.00,0.52
21.00,-93.00,0.41
21.00,-92.00,0.36
21.00,-91.00,0.35
21.00,-90.00,0.16
21.00,-89.00,0.26
21.00,-88.00,0.40
21.00,-87.00,0.42
21.00,-86.00,0.53
21.00,-85.00,0.46
21.00,-84.00,0.35
21.00,-83.00,0.32
21.00,-82.00,0.38
21.00,-81.00,0.32
21.00,-80.00,0.23
21.00,-79.00,0.20
21.00,-78.00,0.67
21.00,-77.00,0.61
21.00,-76.00,0.33
21.00,-75.00,0.37
21.00,-74.00,0.31
21.00,-73.00,0.36
21.00,-72.00,0.35
21.00,-71.00,0.48
21.00,-70.00,0.44
21.00,-69.00,0.53
21.00,-68.00,0.52
21.00,-67.00,0.46
21.00,-66.00,0.42
21.00,-65.00,0.45
21.00,-64.00,0.53
21.00,-63.00,0.54
21.00,-62.00,0.46
21.00,-61.00,0.52
21.00,-60.00,0.50
21.00,-59.00,0.54
21.00,-58.00,0.52
21.00,-57.00,0.53
21.00,-56.00,0.50
21.00,-55.00,0.42
21.00,-54.00,0.55
21.00,-53.00,0.52
21.00,-52.00,0.45
21.00,-51.00,0.47
21.00,-50.00,0.49
20.00,-129.00,0.79
20.00,-128.00,0.84
20.00,-127.00,0.84
20.00,-126.00,0.88
20.00,-125.00,0.86
20.00,-124.00,0.85
20.00,-123.00,0.82
20.00,-122.00,0.83
20.00,-121.00,0.82
20.00,-120.00,0.86
20.00,-119.00,0.85
20.00,-118.00,0.75
20.00,-117.00,0.71
20.00,-116.00,0.70
20.00,-115.00,0.77
20.00,-114.00,0.69
20.00,-113.00,0.69
20.00,-112.00,0.63
20.00,-111.00,0.53
20.00,-110.00,0.55
20.00,-109.00,0.46
20.00,-108.00,0.44
20.00,-107.00,0.37
20.00,-106.00,0.33
20.00,-105.00,0.29
20.00,-104.00,0.18
20.00,-103.00,0.15
20.00,-102.00,0.13
20.00,-101.00,0.13
20.00,-100.00,0.17
20.00,-99.00,0.21
20.00,-98.00,0.44
20.00,-97.00,0.63
20.00,-96.00,0.57
20.00,-95.00,0.52
20.00,-94.00,0.51
20.00,-93.00,0.41
20.00,-92.00,0.37
20.00,-91.00,0.18
20.00,-90.00,0.32
20.00,-89.00,0.43
20.00,-88.00,0.62
20.00,-87.00,0.69
20.00,-86.00,0.55
20.00,-85.00,0.44
20.00,-84.00,0.43
20.00,-83.00,0.41
20.00,-82.00,0.43
20.00,-81.00,0.42
20.00,-80.00,0.34
20.00,-79.00,0.23
20.00,-78.00,0.24
20.00,-77.00,0.16
20.00,-76.00,0.68
20.00,-75.00,0.78
20.00,-74.00,0.45
20.00,-73.00,0.29
20.00,-72.00,0.31
20.00,-71.00,0.27
20.00,-70.00,0.38
20.00,-69.00,0.44
20.00,-68.00,0.48
20.00,-67.00,0.40
20.00,-66.00,0.39
20.00,-65.00,0.43
20.00,-64.00,0.44
20.00,-63.00,0.43
20.00,-62.00,0.47
20.00,-61.00,0.45
20.00,-60.00,0.52
20.00,-59.00,0.46
20.00,-58.00,0.54
20.00,-57.00,0.48
20.00,-56.00,0.49
20.00,-55.00,0.48
20.00,-54.00,0.46
20.00,-53.00,0.49
20.00,-52.00,0.47
20.00,-51.00,0.47
20.00,-50.00,0.43
19.00,-129.00,0.90
19.00,-128.00,0.87
19.00,-127.00,0.89
19.00,-126.00,0.83
19.00,-125.00,0.83
19.00,-124.00,0.85
19.00,-123.00,0.85
19.00,-122.00,0.85
19.00,-121.00,0.84
19.00,-120.00,0.86
19.00,-119.00,0.82
19.00,-118.00,0.84
19.00,-117.00,0.85
19.00,-116.00,0.81
19.00,-115.00,0.72
19.00,-114.00,0.76
19.00,-113.00,0.69
19.00,-112.00,0.66
19.00,-111.00,0.64
19.00,-110.00,0.54
19.00,-109.00,0.52
19.00,-108.00,0.47
19.00,-107.00,0.38
19.00,-106.00,0.29
19.00,-105.00,0.36
19.00,-104.00,0.16
19.00,-103.00,0.15
19.00,-102.00,0.15
19.00,-101.00,0.34
19.00,-100.00,0.16
19.00,-99.00,0.59
19.00,-98.00,0.42
19.00,-97.00,0.47
19.00,-96.00,0.45
19.00,-95.00,0.45
19.00,-94.00,0.50
19.00,-93.00,0.42
19.00,-92.00,0.31
19.00,-91.00,0.18
19.00,-90.00,0.45
19.00,-89.00,0.53
19.00,-88.00,0.64
19.00,-87.00,0.62
19.00,-86.00,0.48
19.00,-85.00,0.38
19.00,-84.00,0.36
19.00,-83.00,0.44
19.00,-82.00,0.41
19.00,-81.00,0.36
19.00,-80.00,0.40
19.00,-79.00,0.38
19.00,-78.00,0.33
19.00,-77.00,0.24
19.00,-76.00,0.30
19.00,-75.00,0.21
19.00,-74.00,0.25
19.00,-73.00,0.23
19.00,-72.00,0.71
19.00,-71.00,0.62
19.00,-70.00,0.79
19.00,-69.00,0.31
19.00,-68.00,0.37
19.00,-67.00,0.32
19.00,-66.00,0.36
19.00,-65.00,0.40
19.00,-64.00,0.40
19.00,-63.00,0.49
19.00,-62.00,0.55
19.00,-61.00,0.43
19.00,-60.00,0.53
19.00,-59.00,0.51
19.00,-58.00,0.49
19.00,-57.00,0.53
19.00,-56.00,0.44
19.00,-55.00,0.48
19.00,-54.00,0.50
19.00,-53.00,0.55
19.00,-52.00,0.48
19.00,-51.00,0.47
19.00,-50.00,0.47
18.00,-129.00,0.87
18.00,-128.00,0.90
18.00,-127.00,0.81
18.00,-126.00,0.80
18.00,-125.00,0.82
18.00,-124.00,0.82
18.00,-123.00,0.84
18.00,-122.00,0.86
18.00,-121.00,0.84
18.00,-120.00,0.86
18.00,-119.00,0.85
18.00,-118.00,0.81
18.00,-117.00,0.85
18.00,-116.00,0.79
18.00,-115.00,0.79
18.00,-114.00,0.68
18.00,-113.00,0.72
18.00,-112.00,0.65
18.00,-111.00,0.63
18.00,-110.00,0.50
18.00,-109.00,0.50
18.00,-108.00,0.44
18.00,-107.00,0.37
18.00,-106.00,0.38
18.00,-105.00,0.32
18.00,-104.00,0.29
18.00,-103.00,0.23
18.00,-102.00,0.25
18.00,-101.00,0.10
18.00,-100.00,0.06
18.00,-99.00,0.23
18.00,-98.00,0.14
18.00,-97.00,0.32
18.00,-96.00,0.64
18.00,-95.00,0.54
18.00,-94.00,0.38
18.00,-93.00,0.30
18.00,-92.00,0.35
18.00,-91.00,0.26
18.00,-90.00,0.49
18.00,-89.00,0.61
18.00,-88.00,0.47
18.00,-87.00,0.51
18.00,-86.00,0.40
18.00,-85.00,0.41
18.00,-84.00,0.45
18.00,-83.00,0.45
18.00,-82.00,0.40
18.00,-81.00,0.38
18.00,-80.00,0.40
18.00,-79.00,0.35
18.00,-78.00,0.35
18.00,-77.00,0.43
18.00,-76.00,0.42
18.00,-75.00,0.39
18.00,-74.00,0.69
18.00,-73.00,0.45
18.00,-72.00,0.54
18.00,-71.00,0.63
18.00,-70.00,0.77
18.00,-69.00,0.70
18.00,-68.00,0.56
18.00,-67.00,0.43
18.00,-66.00,0.37
18.00,-65.00,0.37
18.00,-64.00,0.53
18.00,-63.00,0.37
18.00,-62.00,0.42
18.00,-61.00,0.49
18.00,-60.00,0.46
18.00,-59.00,0.46
18.00,-58.00,0.51
18.00,-57.00,0.48
18.00,-56.00,0.51
18.00,-55.00,0.49
18.00,-54.00,0.52
18.00,-53.00,0.41
18.00,-52.00,0.53
18.00,-51.00,0.44
18.00,-50.00,0.55
17.00,-129.00,0.83
17.00,-128.00,0.86
17.00,-127.00,0.83
17.00,-126.00,0.87
17.00,-125.00,0.83
17.00,-124.00,0.85
17.00,-123.00,0.85
17.00,-122.00,0.84
17.00,-121.00,0.87
17.00,-120.00,0.82
17.00,-119.00,0.81
17.00,-118.00,0.83
17.00,-117.00,0.79
17.00,-116.00,0.82
17.00,-115.00,0.77
17.00,-114.00,0.76
17.00,-113.00,0.69
17.00,-112.00,0.71
17.00,-111.00,0.64
17.00,-110.00,0.54
17.00,-109.00,0.48
17.00,-108.00,0.43
17.00,-107.00,0.35
17.00,-106.00,0.39
17.00,-105.00,0.38
17.00,-104.00,0.32
17.00,-103.00,0.26
17.00,-102.00,0.26
17.00,-101.00,0.29
17.00,-100.00,0.45
17.00,-99.00,0.25
17.00,-98.00,0.28
17.00,-97.00,0.56
17.00,-96.00,0.49
17.00,-95.00,0.48
17.00,-94.00,0.52
17.00,-93.00,0.44
17.00,-92.00,0.45
17.00,-91.00,0.34
17.00,-90.00,0.52
17.00,-89.00,0.60
17.00,-88.00,0.60
17.00,-87.00,0.43
17.00,-86.00,0.36
17.00,-85.00,0.36
17.00,-84.00,0.40
17.00,-83.00,0.39
17.00,-82.00,0.44
17.00,-81.00,0.46
17.00,-80.00,0.40
17.00,-79.00,0.39
17.00,-78.00,0.33
17.00,-77.00,0.26
17.00,-76.00,0.36
17.00,-75.00,0.45
17.00,-74.00,0.43
17.00,-73.00,0.43
17.00,-72.00,0.34
17.00,-71.00,0.38
17.00,-70.00,0.43
17.00,-69.00,0.49
17.00,-68.00,0.48
17.00,-67.00,0.32
17.00,-66.00,0.38
17.00,-65.00,0.44
17.00,-64.00,0.51
17.00,-63.00,0.42
17.00,-62.00,0.34
17.00,-61.00,0.43
17.00,-60.00,0.50
17.00,-59.00,0.46
17.00,-58.00,0.51
17.00,-57.00,0.55
17.00,-56.00,0.53
17.00,-55.00,0.44
17.00,-54.00,0.53
17.00,-53.00,0.47
17.00,-52.00,0.49
17.00,-51.00,0.57
17.00,-50.00,0.55
16.00,-129.00,0.85
16.00,-128.00,0.84
16.00,-127.00,0.84
16.00,-126.00,0.89
16.00,-125.00,0.89
16.00,-124.00,0.90
16.00,-123.00,0.82
16.00,-122.00,0.89
16.00,-121.00,0.81
16.00,-120.00,0.75
16.00,-119.00,0.79
16.00,-118.00,0.84
16.00,-117.00,0.76
16.00,-116.00,0.73
16.00,-115.00,0.69
16.00,-114.00,0.70
16.00,-113.00,0.72
16.00,-112.00,0.61
16.00,-111.00,0.61
16.00,-110.00,0.59
16.00,-109.00,0.48
16.00,-108.00,0.44
16.00,-107.00,0.39
16.00,-106.00,0.41
16.00,-105.00,0.40
16.00,-104.00,0.36
16.00,-103.00,0.32
16.00,-102.00,0.31
16.00,-101.00,0.24
16.00,-100.00,0.20
16.00,-99.00,0.32
16.00,-98.00,0.24
16.00,-97.00,0.27
16.00,-96.00,0.21
16.00,-95.00,0.23
16.00,-94.00,0.33
16.00,-93.00,0.43
16.00,-92.00,0.44
16.00,-91.00,0.47
16.00,-90.00,0.51
16.00,-89.00,0.63
16.00,-88.00,0.51
16.00,-87.00,0.41
16.00,-86.00,0.37
16.00,-85.00,0.36
16.00,-84.00,0.40
16.00,-83.00,0.46
16.00,-82.00,0.44
16.00,-81.00,0.44
16.00,-80.00,0.51
16.00,-79.00,0.40
16.00,-78.00,0.41
16.00,-77.00,0.41
16.00,-76.00,0.47
16.00,-75.00,0.50
16.00,-74.00,0.43
16.00,-73.00,0.50
16.00,-72.00,0.44
16.00,-71.00,0.38
16.00,-70.00,0.52
16.00,-69.00,0.41
16.00,-68.00,0.55
16.00,-67.00,0.54
16.00,-66.00,0.46
16.00,-65.00,0.51
16.00,-64.00,0.42
16.00,-63.00,0.38
16.00,-62.00,0.33
16.00,-61.00,0.58
16.00,-60.00,0.58
16.00,-59.00,0.55
16.00,-58.00,0.57
16.00,-57.00,0.57
16.00,-56.00,0.58
16.00,-55.00,0.56
16.00,-54.00,0.53
16.00,-53.00,0.53
16.00,-52.00,0.48
16.00,-51.00,0.56
16.00,-50.00,0.57
15.00,-129.00,0.86
15.00,-128.00,0.80
15.00,-127.00,0.82
15.00,-126.00,0.84
15.00,-125.00,0.78
15.00,-124.00,0.79
15.00,-123.00,0.83
15.00,-122.00,0.89
15.00,-121.00,0.81
15.00,-120.00,0.76
15.00,-119.00,0.79
15.00,-118.00,0.65
15.00,-117.00,0.71
15.00,-116.00,0.72
15.00,-115.00,0.74
15.00,-114.00,0.73
15.00,-113.00,0.72
15.00,-112.00,0.64
15.00,-111.00,0.65
15.00,-110.00,0.57
15.00,-109.00,0.54
15.00,-108.00,0.51
15.00,-107.00,0.37
15.00,-106.00,0.40
15.00,-105.00,0.39
15.00,-104.00,0.31
15.00,-103.00,0.33
15.00,-102.00,0.25
15.00,-101.00,0.33
15.00,-100.00,0.27
15.00,-99.00,0.24
15.00,-98.00,0.20
15.00,-97.00,0.19
15.00,-96.00,0.25
15.00,-95.00,0.30
15.00,-94.00,0.29
15.00,-93.00,0.15
15.00,-92.00,0.49
15.00,-91.00,0.62
15.00,-90.00,0.67
15.00,-89.00,0.57
15.00,-88.00,0.63
15.00,-87.00,0.72
15.00,-86.00,0.54
15.00,-85.00,0.59
15.00,-84.00,0.75
15.00,-83.00,0.43
15.00,-82.00,0.49
15.00,-81.00,0.41
15.00,-80.00,0.53
15.00,-79.00,0.52
15.00,-78.00,0.49
15.00,-77.00,0.44
15.00,-76.00,0.50
15.00,-75.00,0.49
15.00,-74.00,0.43
15.00,-73.00,0.51
15.00,-72.00,0.58
15.00,-71.00,0.56
15.00,-70.00,0.53
15.00,-69.00,0.54
15.00,-68.00,0.50
15.00,-67.00,0.50
15.00,-66.00,0.51
15.00,-65.00,0.49
15.00,-64.00,0.50
15.00,-63.00,0.41
15.00,-62.00,0.46
15.00,-61.00,0.68
15.00,-60.00,0.65
15.00,-59.00,0.63
15.00,-58.00,0.55
15.00,-57.00,0.50
15.00,-56.00,0.58
15.00,-55.00,0.55
15.00,-54.00,0.50
15.00,-53.00,0.56
15.00,-52.00,0.54
15.00,-51.00,0.53
15.00,-50.00,0.66
14.00,-129.00,0.85
14.00,-128.00,0.83
14.00,-127.00,0.82
14.00,-126.00,0.82
14.00,-125.00,0.87
14.00,-124.00,0.79
14.00,-123.00,0.81
14.00,-122.00,0.74
14.00,-121.00,0.77
14.00,-120.00,0.79
14.00,-119.00,0.70
14.00,-118.00,0.65
14.00,-117.00,0.74
14.00,-116.00,0.81
14.00,-115.00,0.73
14.00,-114.00,0.63
14.00,-113.00,0.66
14.00,-112.00,0.71
14.00,-111.00,0.64
14.00,-110.00,0.57
14.00,-109.00,0.56
14.00,-108.00,0.47
14.00,-107.00,0.39
14.00,-106.00,0.34
14.00,-105.00,0.31
14.00,-104.00,0.31
14.00,-103.00,0.30
14.00,-102.00,0.25
14.00,-101.00,0.31
14.00,-100.00,0.20
14.00,-99.00,0.23
14.00,-98.00,0.21
14.00,-97.00,0.31
14.00,-96.00,0.25
14.00,-95.00,0.31
14.00,-94.00,0.30
14.00,-93.00,0.29
14.00,-92.00,0.16
14.00,-91.00,0.90
14.00,-90.00,0.60
14.00,-89.00,0.40
14.00,-88.00,0.60
14.00,-87.00,0.57
14.00,-86.00,0.54
14.00,-85.00,0.74
14.00,-84.00,0.76
14.00,-83.00,0.75
14.00,-82.00,0.52
14.00,-81.00,0.51
14.00,-80.00,0.51
14.00,-79.00,0.45
14.00,-78.00,0.47
14.00,-77.00,0.48
14.00,-76.00,0.53
14.00,-75.00,0.56
14.00,-74.00,0.50
14.00,-73.00,0.54
14.00,-72.00,0.58
14.00,-71.00,0.56
14.00,-70.00,0.61
14.00,-69.00,0.56
14.00,-68.00,0.61
14.00,-67.00,0.57
14.00,-66.00,0.58
14.00,-65.00,0.62
14.00,-64.00,0.46
14.00,-63.00,0.55
14.00,-62.00,0.54
14.00,-61.00,0.57
14.00,-60.00,0.68
14.00,-59.00,0.61
14.00,-58.00,0.54
14.00,-57.00,0.57
14.00,-56.00,0.61
14.00,-55.00,0.56
14.00,-54.00,0.62
14.00,-53.00,0.53
14.00,-52.00,0.63
14.00,-51.00,0.59
14.00,-50.00,0.52
