lat,lon,cloud_cover
13.5,-130.5,0.77
14.5,-130.5,0.79
15.5,-130.5,0.82
16.5,-130.5,0.84
17.5,-130.5,0.84
18.5,-130.5,0.91
19.5,-130.5,0.88
20.5,-130.5,0.87
21.5,-130.5,0.79
22.5,-130.5,0.76
23.5,-130.5,0.73
24.5,-130.5,0.8
25.5,-130.5,0.75
26.5,-130.5,0.7
27.5,-130.5,0.68
28.5,-130.5,0.73
29.5,-130.5,0.78
30.5,-130.5,0.82
31.5,-130.5,0.84
32.5,-130.5,0.83
33.5,-130.5,0.85
34.5,-130.5,0.81
35.5,-130.5,0.79
36.5,-130.5,0.79
37.5,-130.5,0.7
38.5,-130.5,0.7
39.5,-130.5,0.66
40.5,-130.5,0.66
41.5,-130.5,0.74
42.5,-130.5,0.72
43.5,-130.5,0.71
44.5,-130.5,0.72
45.5,-130.5,0.81
46.5,-130.5,0.79
47.5,-130.5,0.83
48.5,-130.5,0.8
49.5,-130.5,0.81
50.5,-130.5,0.83
13.5,-129.5,0.76
14.5,-129.5,0.84
15.5,-129.5,0.75
16.5,-129.5,0.82
17.5,-129.5,0.86
18.5,-129.5,0.89
19.5,-129.5,0.9
20.5,-129.5,0.85
21.5,-129.5,0.78
22.5,-129.5,0.74
23.5,-129.5,0.8
24.5,-129.5,0.73
25.5,-129.5,0.76
26.5,-129.5,0.73
27.5,-129.5,0.7
28.5,-129.5,0.68
29.5,-129.5,0.76
30.5,-129.5,0.81
31.5,-129.5,0.79
32.5,-129.5,0.79
33.5,-129.5,0.77
34.5,-129.5,0.8
35.5,-129.5,0.82
36.5,-129.5,0.81
37.5,-129.5,0.71
38.5,-129.5,0.71
39.5,-129.5,0.7
40.5,-129.5,0.71
41.5,-129.5,0.75
42.5,-129.5,0.73
43.5,-129.5,0.74
44.5,-129.5,0.76
45.5,-129.5,0.83
46.5,-129.5,0.8
47.5,-129.5,0.77
48.5,-129.5,0.82
49.5,-129.5,0.84
50.5,-129.5,0.84
13.5,-128.5,0.78
14.5,-128.5,0.82
15.5,-128.5,0.8
16.5,-128.5,0.8
17.5,-128.5,0.86
18.5,-128.5,0.94
19.5,-128.5,0.93
20.5,-128.5,0.89
21.5,-128.5,0.88
22.5,-128.5,0.8
23.5,-128.5,0.81
24.5,-128.5,0.72
25.5,-128.5,0.72
26.5,-128.5,0.74
27.5,-128.5,0.72
28.5,-128.5,0.73
29.5,-128.5,0.77
30.5,-128.5,0.78
31.5,-128.5,0.79
32.5,-128.5,0.81
33.5,-128.5,0.73
34.5,-128.5,0.74
35.5,-128.5,0.76
36.5,-128.5,0.75
37.5,-128.5,0.72
38.5,-128.5,0.64
39.5,-128.5,0.69
40.5,-128.5,0.71
41.5,-128.5,0.76
42.5,-128.5,0.75
43.5,-128.5,0.75
44.5,-128.5,0.79
45.5,-128.5,0.85
46.5,-128.5,0.83
47.5,-128.5,0.77
48.5,-128.5,0.83
49.5,-128.5,0.84
50.5,-128.5,0.81
13.5,-127.5,0.79
14.5,-127.5,0.78
15.5,-127.5,0.81
16.5,-127.5,0.81
17.5,-127.5,0.83
18.5,-127.5,0.92
19.5,-127.5,0.98
20.5,-127.5,0.91
21.5,-127.5,0.91
22.5,-127.5,0.82
23.5,-127.5,0.83
24.5,-127.5,0.82
25.5,-127.5,0.76
26.5,-127.5,0.76
27.5,-127.5,0.77
28.5,-127.5,0.8
29.5,-127.5,0.8
30.5,-127.5,0.78
31.5,-127.5,0.77
32.5,-127.5,0.82
33.5,-127.5,0.8
34.5,-127.5,0.74
35.5,-127.5,0.68
36.5,-127.5,0.72
37.5,-127.5,0.75
38.5,-127.5,0.69
39.5,-127.5,0.69
40.5,-127.5,0.69
41.5,-127.5,0.73
42.5,-127.5,0.76
43.5,-127.5,0.77
44.5,-127.5,0.82
45.5,-127.5,0.87
46.5,-127.5,0.82
47.5,-127.5,0.79
48.5,-127.5,0.78
49.5,-127.5,0.79
50.5,-127.5,0.8
13.5,-126.5,0.8
14.5,-126.5,0.75
15.5,-126.5,0.73
16.5,-126.5,0.84
17.5,-126.5,0.89
18.5,-126.5,0.93
19.5,-126.5,0.97
20.5,-126.5,0.97
21.5,-126.5,0.9
22.5,-126.5,0.79
23.5,-126.5,0.85
24.5,-126.5,0.83
25.5,-126.5,0.74
26.5,-126.5,0.79
27.5,-126.5,0.77
28.5,-126.5,0.82
29.5,-126.5,0.75
30.5,-126.5,0.72
31.5,-126.5,0.73
32.5,-126.5,0.73
33.5,-126.5,0.69
34.5,-126.5,0.72
35.5,-126.5,0.69
36.5,-126.5,0.66
37.5,-126.5,0.71
38.5,-126.5,0.66
39.5,-126.5,0.64
40.5,-126.5,0.71
41.5,-126.5,0.73
42.5,-126.5,0.79
43.5,-126.5,0.76
44.5,-126.5,0.75
45.5,-126.5,0.76
46.5,-126.5,0.79
47.5,-126.5,0.79
48.5,-126.5,0.82
49.5,-126.5,0.76
50.5,-126.5,0.78
13.5,-125.5,0.8
14.5,-125.5,0.76
15.5,-125.5,0.76
16.5,-125.5,0.84
17.5,-125.5,0.92
18.5,-125.5,0.91
19.5,-125.5,0.97
20.5,-125.5,0.95
21.5,-125.5,0.88
22.5,-125.5,0.82
23.5,-125.5,0.86
24.5,-125.5,0.83
25.5,-125.5,0.74
26.5,-125.5,0.77
27.5,-125.5,0.75
28.5,-125.5,0.78
29.5,-125.5,0.73
30.5,-125.5,0.7
31.5,-125.5,0.7
32.5,-125.5,0.68
33.5,-125.5,0.7
34.5,-125.5,0.71
35.5,-125.5,0.7
36.5,-125.5,0.65
37.5,-125.5,0.71
38.5,-125.5,0.64
39.5,-125.5,0.65
40.5,-125.5,0.73
41.5,-125.5,0.74
42.5,-125.5,0.79
43.5,-125.5,0.73
44.5,-125.5,0.73
45.5,-125.5,0.76
46.5,-125.5,0.78
47.5,-125.5,0.79
48.5,-125.5,0.77
49.5,-125.5,0.73
50.5,-125.5,0.75
13.5,-124.5,0.84
14.5,-124.5,0.75
15.5,-124.5,0.78
16.5,-124.5,0.83
17.5,-124.5,0.91
18.5,-124.5,0.95
19.5,-124.5,0.92
20.5,-124.5,0.93
21.5,-124.5,0.85
22.5,-124.5,0.84
23.5,-124.5,0.88
24.5,-124.5,0.79
25.5,-124.5,0.75
26.5,-124.5,0.74
27.5,-124.5,0.72
28.5,-124.5,0.71
29.5,-124.5,0.68
30.5,-124.5,0.67
31.5,-124.5,0.65
32.5,-124.5,0.65
33.5,-124.5,0.65
34.5,-124.5,0.68
35.5,-124.5,0.71
36.5,-124.5,0.7
37.5,-124.5,0.72
38.5,-124.5,0.66
39.5,-124.5,0.59
40.5,-124.5,0.58
41.5,-124.5,0.62
42.5,-124.5,0.64
43.5,-124.5,0.67
44.5,-124.5,0.71
45.5,-124.5,0.76
46.5,-124.5,0.77
47.5,-124.5,0.77
48.5,-124.5,0.75
49.5,-124.5,0.72
50.5,-124.5,0.77
13.5,-123.5,0.91
14.5,-123.5,0.86
15.5,-123.5,0.84
16.5,-123.5,0.84
17.5,-123.5,0.88
18.5,-123.5,0.93
19.5,-123.5,0.88
20.5,-123.5,0.87
21.5,-123.5,0.84
22.5,-123.5,0.87
23.5,-123.5,0.86
24.5,-123.5,0.81
25.5,-123.5,0.76
26.5,-123.5,0.7
27.5,-123.5,0.71
28.5,-123.5,0.69
29.5,-123.5,0.68
30.5,-123.5,0.66
31.5,-123.5,0.62
32.5,-123.5,0.56
33.5,-123.5,0.57
34.5,-123.5,0.66
35.5,-123.5,0.64
36.5,-123.5,0.61
37.5,-123.5,0.62
38.5,-123.5,0.59
39.5,-123.5,0.55
40.5,-123.5,0.56
41.5,-123.5,0.6
42.5,-123.5,0.67
43.5,-123.5,0.8
44.5,-123.5,0.73
45.5,-123.5,0.69
46.5,-123.5,0.71
47.5,-123.5,0.75
48.5,-123.5,0.71
49.5,-123.5,0.76
50.5,-123.5,0.74
13.5,-122.5,0.9
14.5,-122.5,0.88
15.5,-122.5,0.86
16.5,-122.5,0.87
17.5,-122.5,0.86
18.5,-122.5,0.91
19.5,-122.5,0.85
20.5,-122.5,0.89
21.5,-122.5,0.83
22.5,-122.5,0.88
23.5,-122.5,0.85
24.5,-122.5,0.79
25.5,-122.5,0.74
26.5,-122.5,0.71
27.5,-122.5,0.69
28.5,-122.5,0.67
29.5,-122.5,0.64
30.5,-122.5,0.65
31.5,-122.5,0.58
32.5,-122.5,0.54
33.5,-122.5,0.55
34.5,-122.5,0.61
35.5,-122.5,0.59
36.5,-122.5,0.56
37.5,-122.5,0.53
38.5,-122.5,0.54
39.5,-122.5,0.53
40.5,-122.5,0.55
41.5,-122.5,0.6
42.5,-122.5,0.69
43.5,-122.5,0.79
44.5,-122.5,0.73
45.5,-122.5,0.7
46.5,-122.5,0.7
47.5,-122.5,0.65
48.5,-122.5,0.73
49.5,-122.5,0.8
50.5,-122.5,0.77
13.5,-121.5,0.82
14.5,-121.5,0.87
15.5,-121.5,0.88
16.5,-121.5,0.84
17.5,-121.5,0.81
18.5,-121.5,0.89
19.5,-121.5,0.94
20.5,-121.5,0.85
21.5,-121.5,0.84
22.5,-121.5,0.82
23.5,-121.5,0.76
24.5,-121.5,0.67
25.5,-121.5,0.66
26.5,-121.5,0.65
27.5,-121.5,0.64
28.5,-121.5,0.61
29.5,-121.5,0.63
30.5,-121.5,0.58
31.5,-121.5,0.57
32.5,-121.5,0.52
33.5,-121.5,0.53
34.5,-121.5,0.54
35.5,-121.5,0.49
36.5,-121.5,0.48
37.5,-121.5,0.47
38.5,-121.5,0.5
39.5,-121.5,0.51
40.5,-121.5,0.61
41.5,-121.5,0.6
42.5,-121.5,0.6
43.5,-121.5,0.63
44.5,-121.5,0.63
45.5,-121.5,0.65
46.5,-121.5,0.72
47.5,-121.5,0.76
48.5,-121.5,0.82
49.5,-121.5,0.8
50.5,-121.5,0.78
13.5,-120.5,0.83
14.5,-120.5,0.85
15.5,-120.5,0.88
16.5,-120.5,0.82
17.5,-120.5,0.84
18.5,-120.5,0.88
19.5,-120.5,0.92
20.5,-120.5,0.9
21.5,-120.5,0.84
22.5,-120.5,0.82
23.5,-120.5,0.75
24.5,-120.5,0.65
25.5,-120.5,0.67
26.5,-120.5,0.62
27.5,-120.5,0.61
28.5,-120.5,0.55
29.5,-120.5,0.58
30.5,-120.5,0.57
31.5,-120.5,0.51
32.5,-120.5,0.48
33.5,-120.5,0.47
34.5,-120.5,0.42
35.5,-120.5,0.44
36.5,-120.5,0.46
37.5,-120.5,0.45
38.5,-120.5,0.52
39.5,-120.5,0.56
40.5,-120.5,0.55
41.5,-120.5,0.68
42.5,-120.5,0.68
43.5,-120.5,0.63
44.5,-120.5,0.64
45.5,-120.5,0.54
46.5,-120.5,0.53
47.5,-120.5,0.6
48.5,-120.5,0.77
49.5,-120.5,0.78
50.5,-120.5,0.78
13.5,-119.5,0.77
14.5,-119.5,0.88
15.5,-119.5,0.85
16.5,-119.5,0.8
17.5,-119.5,0.85
18.5,-119.5,0.87
19.5,-119.5,0.89
20.5,-119.5,0.89
21.5,-119.5,0.84
22.5,-119.5,0.77
23.5,-119.5,0.74
24.5,-119.5,0.67
25.5,-119.5,0.62
26.5,-119.5,0.56
27.5,-119.5,0.55
28.5,-119.5,0.5
29.5,-119.5,0.55
30.5,-119.5,0.55
31.5,-119.5,0.51
32.5,-119.5,0.46
33.5,-119.5,0.47
34.5,-119.5,0.39
35.5,-119.5,0.46
36.5,-119.5,0.52
37.5,-119.5,0.59
38.5,-119.5,0.61
39.5,-119.5,0.58
40.5,-119.5,0.58
41.5,-119.5,0.63
42.5,-119.5,0.66
43.5,-119.5,0.68
44.5,-119.5,0.71
45.5,-119.5,0.6
46.5,-119.5,0.5
47.5,-119.5,0.5
48.5,-119.5,0.68
49.5,-119.5,0.73
50.5,-119.5,0.77
13.5,-118.5,0.68
14.5,-118.5,0.76
15.5,-118.5,0.84
16.5,-118.5,0.84
17.5,-118.5,0.79
18.5,-118.5,0.89
19.5,-118.5,0.86
20.5,-118.5,0.83
21.5,-118.5,0.79
22.5,-118.5,0.7
23.5,-118.5,0.7
24.5,-118.5,0.64
25.5,-118.5,0.57
26.5,-118.5,0.54
27.5,-118.5,0.5
28.5,-118.5,0.5
29.5,-118.5,0.53
30.5,-118.5,0.54
31.5,-118.5,0.53
32.5,-118.5,0.46
33.5,-118.5,0.42
34.5,-118.5,0.39
35.5,-118.5,0.49
36.5,-118.5,0.56
37.5,-118.5,0.52
38.5,-118.5,0.49
39.5,-118.5,0.54
40.5,-118.5,0.58
41.5,-118.5,0.59
42.5,-118.5,0.65
43.5,-118.5,0.69
44.5,-118.5,0.77
45.5,-118.5,0.74
46.5,-118.5,0.62
47.5,-118.5,0.59
48.5,-118.5,0.67
49.5,-118.5,0.76
50.5,-118.5,0.8
13.5,-117.5,0.73
14.5,-117.5,0.72
15.5,-117.5,0.77
16.5,-117.5,0.86
17.5,-117.5,0.83
18.5,-117.5,0.86
19.5,-117.5,0.84
20.5,-117.5,0.82
21.5,-117.5,0.79
22.5,-117.5,0.71
23.5,-117.5,0.7
24.5,-117.5,0.63
25.5,-117.5,0.56
26.5,-117.5,0.56
27.5,-117.5,0.48
28.5,-117.5,0.46
29.5,-117.5,0.54
30.5,-117.5,0.52
31.5,-117.5,0.57
32.5,-117.5,0.48
33.5,-117.5,0.45
34.5,-117.5,0.31
35.5,-117.5,0.24
36.5,-117.5,0.29
37.5,-117.5,0.36
38.5,-117.5,0.5
39.5,-117.5,0.61
40.5,-117.5,0.6
41.5,-117.5,0.62
42.5,-117.5,0.64
43.5,-117.5,0.67
44.5,-117.5,0.69
45.5,-117.5,0.78
46.5,-117.5,0.7
47.5,-117.5,0.66
48.5,-117.5,0.66
49.5,-117.5,0.73
50.5,-117.5,0.76
13.5,-116.5,0.7
14.5,-116.5,0.75
15.5,-116.5,0.78
16.5,-116.5,0.8
17.5,-116.5,0.79
18.5,-116.5,0.84
19.5,-116.5,0.81
20.5,-116.5,0.8
21.5,-116.5,0.73
22.5,-116.5,0.68
23.5,-116.5,0.64
24.5,-116.5,0.63
25.5,-116.5,0.58
26.5,-116.5,0.53
27.5,-116.5,0.47
28.5,-116.5,0.5
29.5,-116.5,0.5
30.5,-116.5,0.5
31.5,-116.5,0.38
32.5,-116.5,0.36
33.5,-116.5,0.31
34.5,-116.5,0.27
35.5,-116.5,0.23
36.5,-116.5,0.27
37.5,-116.5,0.38
38.5,-116.5,0.53
39.5,-116.5,0.59
40.5,-116.5,0.59
41.5,-116.5,0.68
42.5,-116.5,0.67
43.5,-116.5,0.73
44.5,-116.5,0.7
45.5,-116.5,0.77
46.5,-116.5,0.76
47.5,-116.5,0.77
48.5,-116.5,0.72
49.5,-116.5,0.67
50.5,-116.5,0.71
13.5,-115.5,0.62
14.5,-115.5,0.73
15.5,-115.5,0.79
16.5,-115.5,0.73
17.5,-115.5,0.73
18.5,-115.5,0.81
19.5,-115.5,0.8
20.5,-115.5,0.73
21.5,-115.5,0.65
22.5,-115.5,0.68
23.5,-115.5,0.67
24.5,-115.5,0.63
25.5,-115.5,0.54
26.5,-115.5,0.48
27.5,-115.5,0.52
28.5,-115.5,0.51
29.5,-115.5,0.39
30.5,-115.5,0.22
31.5,-115.5,0.21
32.5,-115.5,0.22
33.5,-115.5,0.24
34.5,-115.5,0.29
35.5,-115.5,0.28
36.5,-115.5,0.31
37.5,-115.5,0.37
38.5,-115.5,0.47
39.5,-115.5,0.58
40.5,-115.5,0.63
41.5,-115.5,0.66
42.5,-115.5,0.66
43.5,-115.5,0.73
44.5,-115.5,0.74
45.5,-115.5,0.8
46.5,-115.5,0.83
47.5,-115.5,0.77
48.5,-115.5,0.69
49.5,-115.5,0.63
50.5,-115.5,0.7
13.5,-114.5,0.64
14.5,-114.5,0.7
15.5,-114.5,0.75
16.5,-114.5,0.76
17.5,-114.5,0.78
18.5,-114.5,0.76
19.5,-114.5,0.77
20.5,-114.5,0.7
21.5,-114.5,0.63
22.5,-114.5,0.62
23.5,-114.5,0.65
24.5,-114.5,0.65
25.5,-114.5,0.61
26.5,-114.5,0.48
27.5,-114.5,0.37
28.5,-114.5,0.42
29.5,-114.5,0.21
30.5,-114.5,0.13
31.5,-114.5,0.18
32.5,-114.5,0.25
33.5,-114.5,0.28
34.5,-114.5,0.29
35.5,-114.5,0.34
36.5,-114.5,0.37
37.5,-114.5,0.39
38.5,-114.5,0.5
39.5,-114.5,0.61
40.5,-114.5,0.6
41.5,-114.5,0.6
42.5,-114.5,0.67
43.5,-114.5,0.7
44.5,-114.5,0.7
45.5,-114.5,0.78
46.5,-114.5,0.79
47.5,-114.5,0.7
48.5,-114.5,0.73
49.5,-114.5,0.69
50.5,-114.5,0.63
13.5,-113.5,0.63
14.5,-113.5,0.67
15.5,-113.5,0.71
16.5,-113.5,0.75
17.5,-113.5,0.72
18.5,-113.5,0.71
19.5,-113.5,0.67
20.5,-113.5,0.64
21.5,-113.5,0.62
22.5,-113.5,0.56
23.5,-113.5,0.55
24.5,-113.5,0.64
25.5,-113.5,0.62
26.5,-113.5,0.36
27.5,-113.5,0.24
28.5,-113.5,0.17
29.5,-113.5,0.15
30.5,-113.5,0.07
31.5,-113.5,0.16
32.5,-113.5,0.23
33.5,-113.5,0.26
34.5,-113.5,0.31
35.5,-113.5,0.41
36.5,-113.5,0.39
37.5,-113.5,0.42
38.5,-113.5,0.49
39.5,-113.5,0.56
40.5,-113.5,0.58
41.5,-113.5,0.63
42.5,-113.5,0.68
43.5,-113.5,0.63
44.5,-113.5,0.7
45.5,-113.5,0.75
46.5,-113.5,0.74
47.5,-113.5,0.72
48.5,-113.5,0.74
49.5,-113.5,0.62
50.5,-113.5,0.6
13.5,-112.5,0.65
14.5,-112.5,0.67
15.5,-112.5,0.72
16.5,-112.5,0.71
17.5,-112.5,0.6
18.5,-112.5,0.56
19.5,-112.5,0.59
20.5,-112.5,0.59
21.5,-112.5,0.64
22.5,-112.5,0.57
23.5,-112.5,0.55
24.5,-112.5,0.62
25.5,-112.5,0.5
26.5,-112.5,0.33
27.5,-112.5,0.24
28.5,-112.5,0.3
29.5,-112.5,0.1
30.5,-112.5,0.03
31.5,-112.5,0.09
32.5,-112.5,0.19
33.5,-112.5,0.26
34.5,-112.5,0.3
35.5,-112.5,0.34
36.5,-112.5,0.36
37.5,-112.5,0.48
38.5,-112.5,0.53
39.5,-112.5,0.55
40.5,-112.5,0.61
41.5,-112.5,0.63
42.5,-112.5,0.7
43.5,-112.5,0.6
44.5,-112.5,0.68
45.5,-112.5,0.68
46.5,-112.5,0.71
47.5,-112.5,0.63
48.5,-112.5,0.66
49.5,-112.5,0.69
50.5,-112.5,0.64
13.5,-111.5,0.58
14.5,-111.5,0.61
15.5,-111.5,0.7
16.5,-111.5,0.68
17.5,-111.5,0.53
18.5,-111.5,0.49
19.5,-111.5,0.58
20.5,-111.5,0.57
21.5,-111.5,0.62
22.5,-111.5,0.6
23.5,-111.5,0.61
24.5,-111.5,0.4
25.5,-111.5,0.28
26.5,-111.5,0.31
27.5,-111.5,0.31
28.5,-111.5,0.18
29.5,-111.5,0.12
30.5,-111.5,0.09
31.5,-111.5,0.08
32.5,-111.5,0.14
33.5,-111.5,0.28
34.5,-111.5,0.33
35.5,-111.5,0.32
36.5,-111.5,0.27
37.5,-111.5,0.36
38.5,-111.5,0.52
39.5,-111.5,0.64
40.5,-111.5,0.65
41.5,-111.5,0.72
42.5,-111.5,0.76
43.5,-111.5,0.73
44.5,-111.5,0.74
45.5,-111.5,0.69
46.5,-111.5,0.69
47.5,-111.5,0.57
48.5,-111.5,0.65
49.5,-111.5,0.66
50.5,-111.5,0.62
13.5,-110.5,0.57
14.5,-110.5,0.65
15.5,-110.5,0.64
16.5,-110.5,0.6
17.5,-110.5,0.51
18.5,-110.5,0.44
19.5,-110.5,0.51
20.5,-110.5,0.58
21.5,-110.5,0.59
22.5,-110.5,0.57
23.5,-110.5,0.46
24.5,-110.5,0.34
25.5,-110.5,0.3
26.5,-110.5,0.3
27.5,-110.5,0.27
28.5,-110.5,0.12
29.5,-110.5,0.15
30.5,-110.5,0.14
31.5,-110.5,0.13
32.5,-110.5,0.15
33.5,-110.5,0.22
34.5,-110.5,0.27
35.5,-110.5,0.29
36.5,-110.5,0.32
37.5,-110.5,0.32
38.5,-110.5,0.46
39.5,-110.5,0.59
40.5,-110.5,0.64
41.5,-110.5,0.66
42.5,-110.5,0.74
43.5,-110.5,0.78
44.5,-110.5,0.75
45.5,-110.5,0.73
46.5,-110.5,0.74
47.5,-110.5,0.65
48.5,-110.5,0.6
49.5,-110.5,0.65
50.5,-110.5,0.54
13.5,-109.5,0.55
14.5,-109.5,0.61
15.5,-109.5,0.61
16.5,-109.5,0.55
17.5,-109.5,0.56
18.5,-109.5,0.43
19.5,-109.5,0.46
20.5,-109.5,0.54
21.5,-109.5,0.53
22.5,-109.5,0.4
23.5,-109.5,0.28
24.5,-109.5,0.4
25.5,-109.5,0.38
26.5,-109.5,0.24
27.5,-109.5,0.18
28.5,-109.5,0.12
29.5,-109.5,0.14
30.5,-109.5,0.16
31.5,-109.5,0.16
32.5,-109.5,0.14
33.5,-109.5,0.19
34.5,-109.5,0.27
35.5,-109.5,0.3
36.5,-109.5,0.32
37.5,-109.5,0.35
38.5,-109.5,0.37
39.5,-109.5,0.53
40.5,-109.5,0.58
41.5,-109.5,0.6
42.5,-109.5,0.64
43.5,-109.5,0.72
44.5,-109.5,0.74
45.5,-109.5,0.73
46.5,-109.5,0.74
47.5,-109.5,0.68
48.5,-109.5,0.64
49.5,-109.5,0.63
50.5,-109.5,0.44
13.5,-108.5,0.54
14.5,-108.5,0.53
15.5,-108.5,0.56
16.5,-108.5,0.51
17.5,-108.5,0.38
18.5,-108.5,0.39
19.5,-108.5,0.36
20.5,-108.5,0.38
21.5,-108.5,0.45
22.5,-108.5,0.45
23.5,-108.5,0.35
24.5,-108.5,0.36
25.5,-108.5,0.32
26.5,-108.5,0.23
27.5,-108.5,0.12
28.5,-108.5,0.11
29.5,-108.5,0.12
30.5,-108.5,0.16
31.5,-108.5,0.11
32.5,-108.5,0.15
33.5,-108.5,0.18
34.5,-108.5,0.21
35.5,-108.5,0.28
36.5,-108.5,0.29
37.5,-108.5,0.41
38.5,-108.5,0.41
39.5,-108.5,0.56
40.5,-108.5,0.56
41.5,-108.5,0.56
42.5,-108.5,0.55
43.5,-108.5,0.6
44.5,-108.5,0.63
45.5,-108.5,0.75
46.5,-108.5,0.72
47.5,-108.5,0.67
48.5,-108.5,0.65
49.5,-108.5,0.55
50.5,-108.5,0.45
13.5,-107.5,0.44
14.5,-107.5,0.49
15.5,-107.5,0.44
16.5,-107.5,0.45
17.5,-107.5,0.35
18.5,-107.5,0.31
19.5,-107.5,0.29
20.5,-107.5,0.38
21.5,-107.5,0.39
22.5,-107.5,0.42
23.5,-107.5,0.4
24.5,-107.5,0.31
25.5,-107.5,0.25
26.5,-107.5,0.2
27.5,-107.5,0.15
28.5,-107.5,0.13
29.5,-107.5,0.12
30.5,-107.5,0.17
31.5,-107.5,0.16
32.5,-107.5,0.16
33.5,-107.5,0.19
34.5,-107.5,0.23
35.5,-107.5,0.27
36.5,-107.5,0.31
37.5,-107.5,0.51
38.5,-107.5,0.49
39.5,-107.5,0.56
40.5,-107.5,0.56
41.5,-107.5,0.56
42.5,-107.5,0.55
43.5,-107.5,0.6
44.5,-107.5,0.68
45.5,-107.5,0.71
46.5,-107.5,0.68
47.5,-107.5,0.64
48.5,-107.5,0.65
49.5,-107.5,0.56
50.5,-107.5,0.48
13.5,-106.5,0.5
14.5,-106.5,0.45
15.5,-106.5,0.43
16.5,-106.5,0.41
17.5,-106.5,0.37
18.5,-106.5,0.22
19.5,-106.5,0.25
20.5,-106.5,0.32
21.5,-106.5,0.35
22.5,-106.5,0.45
23.5,-106.5,0.36
24.5,-106.5,0.22
25.5,-106.5,0.19
26.5,-106.5,0.19
27.5,-106.5,0.19
28.5,-106.5,0.15
29.5,-106.5,0.16
30.5,-106.5,0.16
31.5,-106.5,0.19
32.5,-106.5,0.19
33.5,-106.5,0.17
34.5,-106.5,0.25
35.5,-106.5,0.32
36.5,-106.5,0.4
37.5,-106.5,0.45
38.5,-106.5,0.48
39.5,-106.5,0.53
40.5,-106.5,0.59
41.5,-106.5,0.62
42.5,-106.5,0.54
43.5,-106.5,0.6
44.5,-106.5,0.71
45.5,-106.5,0.68
46.5,-106.5,0.67
47.5,-106.5,0.65
48.5,-106.5,0.57
49.5,-106.5,0.53
50.5,-106.5,0.49
13.5,-105.5,0.44
14.5,-105.5,0.41
15.5,-105.5,0.4
16.5,-105.5,0.41
17.5,-105.5,0.42
18.5,-105.5,0.33
19.5,-105.5,0.33
20.5,-105.5,0.26
21.5,-105.5,0.28
22.5,-105.5,0.31
23.5,-105.5,0.2
24.5,-105.5,0.24
25.5,-105.5,0.23
26.5,-105.5,0.21
27.5,-105.5,0.21
28.5,-105.5,0.14
29.5,-105.5,0.14
30.5,-105.5,0.12
31.5,-105.5,0.2
32.5,-105.5,0.21
33.5,-105.5,0.2
34.5,-105.5,0.19
35.5,-105.5,0.31
36.5,-105.5,0.37
37.5,-105.5,0.38
38.5,-105.5,0.42
39.5,-105.5,0.48
40.5,-105.5,0.58
41.5,-105.5,0.54
42.5,-105.5,0.55
43.5,-105.5,0.54
44.5,-105.5,0.63
45.5,-105.5,0.64
46.5,-105.5,0.63
47.5,-105.5,0.59
48.5,-105.5,0.54
49.5,-105.5,0.48
50.5,-105.5,0.47
13.5,-104.5,0.34
14.5,-104.5,0.34
15.5,-104.5,0.35
16.5,-104.5,0.39
17.5,-104.5,0.43
18.5,-104.5,0.36
19.5,-104.5,0.2
20.5,-104.5,0.11
21.5,-104.5,0.18
22.5,-104.5,0.21
23.5,-104.5,0.25
24.5,-104.5,0.29
25.5,-104.5,0.29
26.5,-104.5,0.17
27.5,-104.5,0.22
28.5,-104.5,0.19
29.5,-104.5,0.15
30.5,-104.5,0.13
31.5,-104.5,0.19
32.5,-104.5,0.22
33.5,-104.5,0.25
34.5,-104.5,0.23
35.5,-104.5,0.26
36.5,-104.5,0.29
37.5,-104.5,0.36
38.5,-104.5,0.32
39.5,-104.5,0.38
40.5,-104.5,0.45
41.5,-104.5,0.52
42.5,-104.5,0.45
43.5,-104.5,0.47
44.5,-104.5,0.62
45.5,-104.5,0.6
46.5,-104.5,0.59
47.5,-104.5,0.57
48.5,-104.5,0.47
49.5,-104.5,0.43
50.5,-104.5,0.49
13.5,-103.5,0.35
14.5,-103.5,0.29
15.5,-103.5,0.28
16.5,-103.5,0.33
17.5,-103.5,0.38
18.5,-103.5,0.27
19.5,-103.5,0.19
20.5,-103.5,0.18
21.5,-103.5,0.17
22.5,-103.5,0.15
23.5,-103.5,0.17
24.5,-103.5,0.19
25.5,-103.5,0.28
26.5,-103.5,0.17
27.5,-103.5,0.19
28.5,-103.5,0.19
29.5,-103.5,0.22
30.5,-103.5,0.22
31.5,-103.5,0.25
32.5,-103.5,0.2
33.5,-103.5,0.27
34.5,-103.5,0.27
35.5,-103.5,0.27
36.5,-103.5,0.29
37.5,-103.5,0.37
38.5,-103.5,0.33
39.5,-103.5,0.36
40.5,-103.5,0.43
41.5,-103.5,0.48
42.5,-103.5,0.48
43.5,-103.5,0.5
44.5,-103.5,0.56
45.5,-103.5,0.52
46.5,-103.5,0.6
47.5,-103.5,0.59
48.5,-103.5,0.48
49.5,-103.5,0.48
50.5,-103.5,0.54
13.5,-102.5,0.43
14.5,-102.5,0.33
15.5,-102.5,0.28
16.5,-102.5,0.28
17.5,-102.5,0.33
18.5,-102.5,0.18
19.5,-102.5,0.17
20.5,-102.5,0.17
21.5,-102.5,0.16
22.5,-102.5,0.19
23.5,-102.5,0.2
24.5,-102.5,0.22
25.5,-102.5,0.27
26.5,-102.5,0.24
27.5,-102.5,0.26
28.5,-102.5,0.25
29.5,-102.5,0.27
30.5,-102.5,0.27
31.5,-102.5,0.29
32.5,-102.5,0.22
33.5,-102.5,0.19
34.5,-102.5,0.23
35.5,-102.5,0.25
36.5,-102.5,0.26
37.5,-102.5,0.33
38.5,-102.5,0.34
39.5,-102.5,0.37
40.5,-102.5,0.4
41.5,-102.5,0.49
42.5,-102.5,0.54
43.5,-102.5,0.55
44.5,-102.5,0.48
45.5,-102.5,0.54
46.5,-102.5,0.6
47.5,-102.5,0.58
48.5,-102.5,0.53
49.5,-102.5,0.59
50.5,-102.5,0.58
13.5,-101.5,0.37
14.5,-101.5,0.36
15.5,-101.5,0.31
16.5,-101.5,0.33
17.5,-101.5,0.26
18.5,-101.5,0.11
19.5,-101.5,0.16
20.5,-101.5,0.11
21.5,-101.5,0.14
22.5,-101.5,0.18
23.5,-101.5,0.25
24.5,-101.5,0.2
25.5,-101.5,0.24
26.5,-101.5,0.34
27.5,-101.5,0.38
28.5,-101.5,0.38
29.5,-101.5,0.32
30.5,-101.5,0.31
31.5,-101.5,0.33
32.5,-101.5,0.25
33.5,-101.5,0.22
34.5,-101.5,0.22
35.5,-101.5,0.27
36.5,-101.5,0.28
37.5,-101.5,0.37
38.5,-101.5,0.44
39.5,-101.5,0.41
40.5,-101.5,0.44
41.5,-101.5,0.48
42.5,-101.5,0.47
43.5,-101.5,0.55
44.5,-101.5,0.52
45.5,-101.5,0.5
46.5,-101.5,0.6
47.5,-101.5,0.58
48.5,-101.5,0.54
49.5,-101.5,0.57
50.5,-101.5,0.68
13.5,-100.5,0.41
14.5,-100.5,0.32
15.5,-100.5,0.39
16.5,-100.5,0.44
17.5,-100.5,0.19
18.5,-100.5,0.1
19.5,-100.5,0.12
20.5,-100.5,0.15
21.5,-100.5,0.25
22.5,-100.5,0.33
23.5,-100.5,0.3
24.5,-100.5,0.25
25.5,-100.5,0.34
26.5,-100.5,0.41
27.5,-100.5,0.4
28.5,-100.5,0.43
29.5,-100.5,0.37
30.5,-100.5,0.35
31.5,-100.5,0.32
32.5,-100.5,0.26
33.5,-100.5,0.21
34.5,-100.5,0.25
35.5,-100.5,0.25
36.5,-100.5,0.33
37.5,-100.5,0.45
38.5,-100.5,0.51
39.5,-100.5,0.49
40.5,-100.5,0.52
41.5,-100.5,0.45
42.5,-100.5,0.45
43.5,-100.5,0.57
44.5,-100.5,0.49
45.5,-100.5,0.52
46.5,-100.5,0.59
47.5,-100.5,0.6
48.5,-100.5,0.55
49.5,-100.5,0.6
50.5,-100.5,0.68
13.5,-99.5,0.35
14.5,-99.5,0.33
15.5,-99.5,0.36
16.5,-99.5,0.35
17.5,-99.5,0.11
18.5,-99.5,0.09
19.5,-99.5,0.19
20.5,-99.5,0.25
21.5,-99.5,0.39
22.5,-99.5,0.42
23.5,-99.5,0.44
24.5,-99.5,0.45
25.5,-99.5,0.52
26.5,-99.5,0.46
27.5,-99.5,0.45
28.5,-99.5,0.49
29.5,-99.5,0.48
30.5,-99.5,0.4
31.5,-99.5,0.38
32.5,-99.5,0.37
33.5,-99.5,0.35
34.5,-99.5,0.35
35.5,-99.5,0.32
36.5,-99.5,0.34
37.5,-99.5,0.44
38.5,-99.5,0.47
39.5,-99.5,0.53
40.5,-99.5,0.53
41.5,-99.5,0.53
42.5,-99.5,0.49
43.5,-99.5,0.52
44.5,-99.5,0.59
45.5,-99.5,0.55
46.5,-99.5,0.55
47.5,-99.5,0.54
48.5,-99.5,0.56
49.5,-99.5,0.56
50.5,-99.5,0.66
13.5,-98.5,0.33
14.5,-98.5,0.3
15.5,-98.5,0.31
16.5,-98.5,0.26
17.5,-98.5,0.16
18.5,-98.5,0.1
19.5,-98.5,0.21
20.5,-98.5,0.44
21.5,-98.5,0.58
22.5,-98.5,0.58
23.5,-98.5,0.59
24.5,-98.5,0.56
25.5,-98.5,0.51
26.5,-98.5,0.48
27.5,-98.5,0.46
28.5,-98.5,0.5
29.5,-98.5,0.5
30.5,-98.5,0.45
31.5,-98.5,0.45
32.5,-98.5,0.47
33.5,-98.5,0.48
34.5,-98.5,0.44
35.5,-98.5,0.44
36.5,-98.5,0.47
37.5,-98.5,0.53
38.5,-98.5,0.53
39.5,-98.5,0.54
40.5,-98.5,0.49
41.5,-98.5,0.52
42.5,-98.5,0.49
43.5,-98.5,0.48
44.5,-98.5,0.55
45.5,-98.5,0.53
46.5,-98.5,0.52
47.5,-98.5,0.57
48.5,-98.5,0.62
49.5,-98.5,0.57
50.5,-98.5,0.58
13.5,-97.5,0.38
14.5,-97.5,0.35
15.5,-97.5,0.32
16.5,-97.5,0.24
17.5,-97.5,0.2
18.5,-97.5,0.27
19.5,-97.5,0.37
20.5,-97.5,0.66
21.5,-97.5,0.74
22.5,-97.5,0.72
23.5,-97.5,0.65
24.5,-97.5,0.66
25.5,-97.5,0.58
26.5,-97.5,0.57
27.5,-97.5,0.5
28.5,-97.5,0.52
29.5,-97.5,0.51
30.5,-97.5,0.54
31.5,-97.5,0.54
32.5,-97.5,0.52
33.5,-97.5,0.49
34.5,-97.5,0.47
35.5,-97.5,0.59
36.5,-97.5,0.57
37.5,-97.5,0.61
38.5,-97.5,0.58
39.5,-97.5,0.59
40.5,-97.5,0.53
41.5,-97.5,0.56
42.5,-97.5,0.61
43.5,-97.5,0.53
44.5,-97.5,0.44
45.5,-97.5,0.5
46.5,-97.5,0.52
47.5,-97.5,0.6
48.5,-97.5,0.69
49.5,-97.5,0.62
50.5,-97.5,0.58
13.5,-96.5,0.37
14.5,-96.5,0.42
15.5,-96.5,0.3
16.5,-96.5,0.23
17.5,-96.5,0.41
18.5,-96.5,0.65
19.5,-96.5,0.62
20.5,-96.5,0.78
21.5,-96.5,0.77
22.5,-96.5,0.67
23.5,-96.5,0.69
24.5,-96.5,0.68
25.5,-96.5,0.63
26.5,-96.5,0.62
27.5,-96.5,0.52
28.5,-96.5,0.56
29.5,-96.5,0.52
30.5,-96.5,0.55
31.5,-96.5,0.56
32.5,-96.5,0.58
33.5,-96.5,0.54
34.5,-96.5,0.47
35.5,-96.5,0.56
36.5,-96.5,0.56
37.5,-96.5,0.56
38.5,-96.5,0.52
39.5,-96.5,0.57
40.5,-96.5,0.56
41.5,-96.5,0.57
42.5,-96.5,0.57
43.5,-96.5,0.53
44.5,-96.5,0.5
45.5,-96.5,0.49
46.5,-96.5,0.6
47.5,-96.5,0.7
48.5,-96.5,0.66
49.5,-96.5,0.65
50.5,-96.5,0.6
13.5,-95.5,0.41
14.5,-95.5,0.45
15.5,-95.5,0.37
16.5,-95.5,0.34
17.5,-95.5,0.55
18.5,-95.5,0.59
19.5,-95.5,0.68
20.5,-95.5,0.73
21.5,-95.5,0.67
22.5,-95.5,0.71
23.5,-95.5,0.69
24.5,-95.5,0.66
25.5,-95.5,0.64
26.5,-95.5,0.63
27.5,-95.5,0.62
28.5,-95.5,0.54
29.5,-95.5,0.57
30.5,-95.5,0.54
31.5,-95.5,0.55
32.5,-95.5,0.51
33.5,-95.5,0.53
34.5,-95.5,0.5
35.5,-95.5,0.55
36.5,-95.5,0.6
37.5,-95.5,0.6
38.5,-95.5,0.57
39.5,-95.5,0.61
40.5,-95.5,0.6
41.5,-95.5,0.57
42.5,-95.5,0.52
43.5,-95.5,0.58
44.5,-95.5,0.57
45.5,-95.5,0.47
46.5,-95.5,0.55
47.5,-95.5,0.67
48.5,-95.5,0.62
49.5,-95.5,0.65
50.5,-95.5,0.65
13.5,-94.5,0.51
14.5,-94.5,0.53
15.5,-94.5,0.35
16.5,-94.5,0.34
17.5,-94.5,0.53
18.5,-94.5,0.5
19.5,-94.5,0.59
20.5,-94.5,0.63
21.5,-94.5,0.59
22.5,-94.5,0.61
23.5,-94.5,0.68
24.5,-94.5,0.64
25.5,-94.5,0.62
26.5,-94.5,0.56
27.5,-94.5,0.6
28.5,-94.5,0.54
29.5,-94.5,0.53
30.5,-94.5,0.56
31.5,-94.5,0.47
32.5,-94.5,0.46
33.5,-94.5,0.52
34.5,-94.5,0.55
35.5,-94.5,0.54
36.5,-94.5,0.54
37.5,-94.5,0.58
38.5,-94.5,0.55
39.5,-94.5,0.6
40.5,-94.5,0.65
41.5,-94.5,0.55
42.5,-94.5,0.43
43.5,-94.5,0.58
44.5,-94.5,0.6
45.5,-94.5,0.51
46.5,-94.5,0.55
47.5,-94.5,0.63
48.5,-94.5,0.6
49.5,-94.5,0.57
50.5,-94.5,0.61
13.5,-93.5,0.44
14.5,-93.5,0.55
15.5,-93.5,0.39
16.5,-93.5,0.29
17.5,-93.5,0.45
18.5,-93.5,0.45
19.5,-93.5,0.56
20.5,-93.5,0.55
21.5,-93.5,0.51
22.5,-93.5,0.54
23.5,-93.5,0.54
24.5,-93.5,0.58
25.5,-93.5,0.56
26.5,-93.5,0.48
27.5,-93.5,0.5
28.5,-93.5,0.59
29.5,-93.5,0.48
30.5,-93.5,0.55
31.5,-93.5,0.44
32.5,-93.5,0.41
33.5,-93.5,0.51
34.5,-93.5,0.59
35.5,-93.5,0.57
36.5,-93.5,0.54
37.5,-93.5,0.55
38.5,-93.5,0.56
39.5,-93.5,0.56
40.5,-93.5,0.62
41.5,-93.5,0.53
42.5,-93.5,0.48
43.5,-93.5,0.61
44.5,-93.5,0.57
45.5,-93.5,0.54
46.5,-93.5,0.54
47.5,-93.5,0.61
48.5,-93.5,0.62
49.5,-93.5,0.6
50.5,-93.5,0.63
13.5,-92.5,0.53
14.5,-92.5,0.49
15.5,-92.5,0.44
16.5,-92.5,0.3
17.5,-92.5,0.37
18.5,-92.5,0.34
19.5,-92.5,0.36
20.5,-92.5,0.45
21.5,-92.5,0.49
22.5,-92.5,0.48
23.5,-92.5,0.46
24.5,-92.5,0.58
25.5,-92.5,0.53
26.5,-92.5,0.51
27.5,-92.5,0.48
28.5,-92.5,0.53
29.5,-92.5,0.47
30.5,-92.5,0.59
31.5,-92.5,0.48
32.5,-92.5,0.46
33.5,-92.5,0.58
34.5,-92.5,0.6
35.5,-92.5,0.54
36.5,-92.5,0.52
37.5,-92.5,0.52
38.5,-92.5,0.5
39.5,-92.5,0.55
40.5,-92.5,0.53
41.5,-92.5,0.58
42.5,-92.5,0.59
43.5,-92.5,0.62
44.5,-92.5,0.64
45.5,-92.5,0.6
46.5,-92.5,0.57
47.5,-92.5,0.59
48.5,-92.5,0.62
49.5,-92.5,0.64
50.5,-92.5,0.65
13.5,-91.5,0.56
14.5,-91.5,0.52
15.5,-91.5,0.39
16.5,-91.5,0.46
17.5,-91.5,0.35
18.5,-91.5,0.23
19.5,-91.5,0.17
20.5,-91.5,0.3
21.5,-91.5,0.37
22.5,-91.5,0.44
23.5,-91.5,0.43
24.5,-91.5,0.52
25.5,-91.5,0.54
26.5,-91.5,0.5
27.5,-91.5,0.56
28.5,-91.5,0.47
29.5,-91.5,0.45
30.5,-91.5,0.52
31.5,-91.5,0.53
32.5,-91.5,0.63
33.5,-91.5,0.66
34.5,-91.5,0.69
35.5,-91.5,0.61
36.5,-91.5,0.53
37.5,-91.5,0.57
38.5,-91.5,0.52
39.5,-91.5,0.53
40.5,-91.5,0.49
41.5,-91.5,0.55
42.5,-91.5,0.66
43.5,-91.5,0.67
44.5,-91.5,0.62
45.5,-91.5,0.62
46.5,-91.5,0.61
47.5,-91.5,0.62
48.5,-91.5,0.64
49.5,-91.5,0.69
50.5,-91.5,0.7
13.5,-90.5,0.46
14.5,-90.5,0.53
15.5,-90.5,0.56
16.5,-90.5,0.59
17.5,-90.5,0.45
18.5,-90.5,0.38
19.5,-90.5,0.27
20.5,-90.5,0.23
21.5,-90.5,0.28
22.5,-90.5,0.41
23.5,-90.5,0.5
24.5,-90.5,0.54
25.5,-90.5,0.55
26.5,-90.5,0.6
27.5,-90.5,0.66
28.5,-90.5,0.57
29.5,-90.5,0.5
30.5,-90.5,0.55
31.5,-90.5,0.56
32.5,-90.5,0.64
33.5,-90.5,0.71
34.5,-90.5,0.71
35.5,-90.5,0.71
36.5,-90.5,0.73
37.5,-90.5,0.61
38.5,-90.5,0.59
39.5,-90.5,0.59
40.5,-90.5,0.55
41.5,-90.5,0.58
42.5,-90.5,0.67
43.5,-90.5,0.67
44.5,-90.5,0.64
45.5,-90.5,0.65
46.5,-90.5,0.63
47.5,-90.5,0.62
48.5,-90.5,0.71
49.5,-90.5,0.7
50.5,-90.5,0.67
13.5,-89.5,0.44
14.5,-89.5,0.54
15.5,-89.5,0.67
16.5,-89.5,0.64
17.5,-89.5,0.59
18.5,-89.5,0.54
19.5,-89.5,0.45
20.5,-89.5,0.44
21.5,-89.5,0.37
22.5,-89.5,0.36
23.5,-89.5,0.45
24.5,-89.5,0.54
25.5,-89.5,0.49
26.5,-89.5,0.61
27.5,-89.5,0.61
28.5,-89.5,0.57
29.5,-89.5,0.49
30.5,-89.5,0.61
31.5,-89.5,0.54
32.5,-89.5,0.64
33.5,-89.5,0.66
34.5,-89.5,0.69
35.5,-89.5,0.73
36.5,-89.5,0.77
37.5,-89.5,0.69
38.5,-89.5,0.65
39.5,-89.5,0.68
40.5,-89.5,0.64
41.5,-89.5,0.64
42.5,-89.5,0.73
43.5,-89.5,0.72
44.5,-89.5,0.67
45.5,-89.5,0.71
46.5,-89.5,0.67
47.5,-89.5,0.58
48.5,-89.5,0.76
49.5,-89.5,0.74
50.5,-89.5,0.65
13.5,-88.5,0.39
14.5,-88.5,0.43
15.5,-88.5,0.58
16.5,-88.5,0.65
17.5,-88.5,0.66
18.5,-88.5,0.67
19.5,-88.5,0.64
20.5,-88.5,0.59
21.5,-88.5,0.45
22.5,-88.5,0.35
23.5,-88.5,0.44
24.5,-88.5,0.5
25.5,-88.5,0.61
26.5,-88.5,0.56
27.5,-88.5,0.55
28.5,-88.5,0.54
29.5,-88.5,0.57
30.5,-88.5,0.64
31.5,-88.5,0.63
32.5,-88.5,0.65
33.5,-88.5,0.61
34.5,-88.5,0.67
35.5,-88.5,0.73
36.5,-88.5,0.76
37.5,-88.5,0.69
38.5,-88.5,0.68
39.5,-88.5,0.65
40.5,-88.5,0.67
41.5,-88.5,0.69
42.5,-88.5,0.71
43.5,-88.5,0.74
44.5,-88.5,0.72
45.5,-88.5,0.69
46.5,-88.5,0.65
47.5,-88.5,0.64
48.5,-88.5,0.67
49.5,-88.5,0.67
50.5,-88.5,0.69
13.5,-87.5,0.41
14.5,-87.5,0.47
15.5,-87.5,0.47
16.5,-87.5,0.51
17.5,-87.5,0.49
18.5,-87.5,0.56
19.5,-87.5,0.61
20.5,-87.5,0.65
21.5,-87.5,0.49
22.5,-87.5,0.31
23.5,-87.5,0.47
24.5,-87.5,0.66
25.5,-87.5,0.64
26.5,-87.5,0.6
27.5,-87.5,0.53
28.5,-87.5,0.57
29.5,-87.5,0.58
30.5,-87.5,0.66
31.5,-87.5,0.62
32.5,-87.5,0.62
33.5,-87.5,0.66
34.5,-87.5,0.7
35.5,-87.5,0.75
36.5,-87.5,0.76
37.5,-87.5,0.72
38.5,-87.5,0.69
39.5,-87.5,0.7
40.5,-87.5,0.68
41.5,-87.5,0.68
42.5,-87.5,0.68
43.5,-87.5,0.7
44.5,-87.5,0.67
45.5,-87.5,0.65
46.5,-87.5,0.62
47.5,-87.5,0.65
48.5,-87.5,0.7
49.5,-87.5,0.7
50.5,-87.5,0.73
13.5,-86.5,0.56
14.5,-86.5,0.66
15.5,-86.5,0.47
16.5,-86.5,0.44
17.5,-86.5,0.47
18.5,-86.5,0.53
19.5,-86.5,0.56
20.5,-86.5,0.57
21.5,-86.5,0.6
22.5,-86.5,0.49
23.5,-86.5,0.57
24.5,-86.5,0.64
25.5,-86.5,0.6
26.5,-86.5,0.61
27.5,-86.5,0.59
28.5,-86.5,0.58
29.5,-86.5,0.62
30.5,-86.5,0.63
31.5,-86.5,0.64
32.5,-86.5,0.6
33.5,-86.5,0.65
34.5,-86.5,0.73
35.5,-86.5,0.75
36.5,-86.5,0.78
37.5,-86.5,0.76
38.5,-86.5,0.69
39.5,-86.5,0.68
40.5,-86.5,0.7
41.5,-86.5,0.62
42.5,-86.5,0.65
43.5,-86.5,0.66
44.5,-86.5,0.65
45.5,-86.5,0.66
46.5,-86.5,0.69
47.5,-86.5,0.67
48.5,-86.5,0.73
49.5,-86.5,0.75
50.5,-86.5,0.72
13.5,-85.5,0.77
14.5,-85.5,0.72
15.5,-85.5,0.49
16.5,-85.5,0.44
17.5,-85.5,0.46
18.5,-85.5,0.49
19.5,-85.5,0.49
20.5,-85.5,0.52
21.5,-85.5,0.57
22.5,-85.5,0.54
23.5,-85.5,0.51
24.5,-85.5,0.63
25.5,-85.5,0.63
26.5,-85.5,0.54
27.5,-85.5,0.56
28.5,-85.5,0.54
29.5,-85.5,0.6
30.5,-85.5,0.66
31.5,-85.5,0.63
32.5,-85.5,0.63
33.5,-85.5,0.64
34.5,-85.5,0.73
35.5,-85.5,0.75
36.5,-85.5,0.78
37.5,-85.5,0.8
38.5,-85.5,0.74
39.5,-85.5,0.7
40.5,-85.5,0.65
41.5,-85.5,0.67
42.5,-85.5,0.65
43.5,-85.5,0.61
44.5,-85.5,0.63
45.5,-85.5,0.68
46.5,-85.5,0.68
47.5,-85.5,0.64
48.5,-85.5,0.78
49.5,-85.5,0.77
50.5,-85.5,0.74
13.5,-84.5,0.81
14.5,-84.5,0.77
15.5,-84.5,0.66
16.5,-84.5,0.55
17.5,-84.5,0.55
18.5,-84.5,0.51
19.5,-84.5,0.46
20.5,-84.5,0.48
21.5,-84.5,0.52
22.5,-84.5,0.49
23.5,-84.5,0.53
24.5,-84.5,0.66
25.5,-84.5,0.59
26.5,-84.5,0.5
27.5,-84.5,0.43
28.5,-84.5,0.47
29.5,-84.5,0.53
30.5,-84.5,0.65
31.5,-84.5,0.66
32.5,-84.5,0.68
33.5,-84.5,0.71
34.5,-84.5,0.76
35.5,-84.5,0.78
36.5,-84.5,0.8
37.5,-84.5,0.83
38.5,-84.5,0.75
39.5,-84.5,0.65
40.5,-84.5,0.62
41.5,-84.5,0.64
42.5,-84.5,0.65
43.5,-84.5,0.6
44.5,-84.5,0.67
45.5,-84.5,0.63
46.5,-84.5,0.69
47.5,-84.5,0.75
48.5,-84.5,0.78
49.5,-84.5,0.81
50.5,-84.5,0.79
13.5,-83.5,0.66
14.5,-83.5,0.66
15.5,-83.5,0.58
16.5,-83.5,0.6
17.5,-83.5,0.59
18.5,-83.5,0.57
19.5,-83.5,0.5
20.5,-83.5,0.49
21.5,-83.5,0.52
22.5,-83.5,0.49
23.5,-83.5,0.52
24.5,-83.5,0.54
25.5,-83.5,0.43
26.5,-83.5,0.34
27.5,-83.5,0.31
28.5,-83.5,0.42
29.5,-83.5,0.51
30.5,-83.5,0.61
31.5,-83.5,0.66
32.5,-83.5,0.67
33.5,-83.5,0.71
34.5,-83.5,0.73
35.5,-83.5,0.83
36.5,-83.5,0.82
37.5,-83.5,0.83
38.5,-83.5,0.73
39.5,-83.5,0.66
40.5,-83.5,0.67
41.5,-83.5,0.61
42.5,-83.5,0.63
43.5,-83.5,0.64
44.5,-83.5,0.67
45.5,-83.5,0.61
46.5,-83.5,0.68
47.5,-83.5,0.76
48.5,-83.5,0.81
49.5,-83.5,0.8
50.5,-83.5,0.72
13.5,-82.5,0.55
14.5,-82.5,0.57
15.5,-82.5,0.59
16.5,-82.5,0.54
17.5,-82.5,0.54
18.5,-82.5,0.54
19.5,-82.5,0.5
20.5,-82.5,0.52
21.5,-82.5,0.53
22.5,-82.5,0.35
23.5,-82.5,0.52
24.5,-82.5,0.47
25.5,-82.5,0.38
26.5,-82.5,0.32
27.5,-82.5,0.37
28.5,-82.5,0.46
29.5,-82.5,0.51
30.5,-82.5,0.56
31.5,-82.5,0.58
32.5,-82.5,0.7
33.5,-82.5,0.71
34.5,-82.5,0.68
35.5,-82.5,0.79
36.5,-82.5,0.87
37.5,-82.5,0.85
38.5,-82.5,0.75
39.5,-82.5,0.71
40.5,-82.5,0.69
41.5,-82.5,0.61
42.5,-82.5,0.65
43.5,-82.5,0.74
44.5,-82.5,0.65
45.5,-82.5,0.66
46.5,-82.5,0.73
47.5,-82.5,0.76
48.5,-82.5,0.77
49.5,-82.5,0.75
50.5,-82.5,0.68
13.5,-81.5,0.66
14.5,-81.5,0.64
15.5,-81.5,0.57
16.5,-81.5,0.5
17.5,-81.5,0.46
18.5,-81.5,0.5
19.5,-81.5,0.49
20.5,-81.5,0.5
21.5,-81.5,0.43
22.5,-81.5,0.46
23.5,-81.5,0.52
24.5,-81.5,0.47
25.5,-81.5,0.36
26.5,-81.5,0.5
27.5,-81.5,0.45
28.5,-81.5,0.51
29.5,-81.5,0.54
30.5,-81.5,0.5
31.5,-81.5,0.53
32.5,-81.5,0.6
33.5,-81.5,0.66
34.5,-81.5,0.68
35.5,-81.5,0.68
36.5,-81.5,0.81
37.5,-81.5,0.79
38.5,-81.5,0.8
39.5,-81.5,0.72
40.5,-81.5,0.69
41.5,-81.5,0.64
42.5,-81.5,0.67
43.5,-81.5,0.75
44.5,-81.5,0.72
45.5,-81.5,0.7
46.5,-81.5,0.69
47.5,-81.5,0.76
48.5,-81.5,0.76
49.5,-81.5,0.75
50.5,-81.5,0.69
13.5,-80.5,0.61
14.5,-80.5,0.62
15.5,-80.5,0.59
16.5,-80.5,0.52
17.5,-80.5,0.44
18.5,-80.5,0.45
19.5,-80.5,0.49
20.5,-80.5,0.51
21.5,-80.5,0.47
22.5,-80.5,0.55
23.5,-80.5,0.53
24.5,-80.5,0.53
25.5,-80.5,0.51
26.5,-80.5,0.48
27.5,-80.5,0.48
28.5,-80.5,0.49
29.5,-80.5,0.44
30.5,-80.5,0.46
31.5,-80.5,0.53
32.5,-80.5,0.56
33.5,-80.5,0.56
34.5,-80.5,0.64
35.5,-80.5,0.64
36.5,-80.5,0.68
37.5,-80.5,0.75
38.5,-80.5,0.8
39.5,-80.5,0.76
40.5,-80.5,0.77
41.5,-80.5,0.74
42.5,-80.5,0.71
43.5,-80.5,0.76
44.5,-80.5,0.8
45.5,-80.5,0.71
46.5,-80.5,0.7
47.5,-80.5,0.75
48.5,-80.5,0.74
49.5,-80.5,0.73
50.5,-80.5,0.7
13.5,-79.5,0.63
14.5,-79.5,0.62
15.5,-79.5,0.58
16.5,-79.5,0.57
17.5,-79.5,0.46
18.5,-79.5,0.45
19.5,-79.5,0.55
20.5,-79.5,0.51
21.5,-79.5,0.46
22.5,-79.5,0.54
23.5,-79.5,0.52
24.5,-79.5,0.55
25.5,-79.5,0.54
26.5,-79.5,0.5
27.5,-79.5,0.53
28.5,-79.5,0.63
29.5,-79.5,0.62
30.5,-79.5,0.58
31.5,-79.5,0.54
32.5,-79.5,0.56
33.5,-79.5,0.5
34.5,-79.5,0.54
35.5,-79.5,0.59
36.5,-79.5,0.65
37.5,-79.5,0.66
38.5,-79.5,0.71
39.5,-79.5,0.82
40.5,-79.5,0.8
41.5,-79.5,0.76
42.5,-79.5,0.75
43.5,-79.5,0.72
44.5,-79.5,0.77
45.5,-79.5,0.84
46.5,-79.5,0.77
47.5,-79.5,0.73
48.5,-79.5,0.77
49.5,-79.5,0.73
50.5,-79.5,0.73
13.5,-78.5,0.73
14.5,-78.5,0.58
15.5,-78.5,0.54
16.5,-78.5,0.52
17.5,-78.5,0.47
18.5,-78.5,0.4
19.5,-78.5,0.42
20.5,-78.5,0.36
21.5,-78.5,0.56
22.5,-78.5,0.47
23.5,-78.5,0.47
24.5,-78.5,0.43
25.5,-78.5,0.5
26.5,-78.5,0.51
27.5,-78.5,0.53
28.5,-78.5,0.62
29.5,-78.5,0.67
30.5,-78.5,0.65
31.5,-78.5,0.67
32.5,-78.5,0.63
33.5,-78.5,0.55
34.5,-78.5,0.51
35.5,-78.5,0.53
36.5,-78.5,0.57
37.5,-78.5,0.65
38.5,-78.5,0.68
39.5,-78.5,0.77
40.5,-78.5,0.77
41.5,-78.5,0.76
42.5,-78.5,0.74
43.5,-78.5,0.73
44.5,-78.5,0.79
45.5,-78.5,0.81
46.5,-78.5,0.77
47.5,-78.5,0.71
48.5,-78.5,0.74
49.5,-78.5,0.76
50.5,-78.5,0.77
13.5,-77.5,0.75
14.5,-77.5,0.61
15.5,-77.5,0.53
16.5,-77.5,0.5
17.5,-77.5,0.46
18.5,-77.5,0.57
19.5,-77.5,0.43
20.5,-77.5,0.46
21.5,-77.5,0.6
22.5,-77.5,0.43
23.5,-77.5,0.41
24.5,-77.5,0.46
25.5,-77.5,0.52
26.5,-77.5,0.54
27.5,-77.5,0.52
28.5,-77.5,0.55
29.5,-77.5,0.62
30.5,-77.5,0.66
31.5,-77.5,0.64
32.5,-77.5,0.66
33.5,-77.5,0.62
34.5,-77.5,0.51
35.5,-77.5,0.49
36.5,-77.5,0.51
37.5,-77.5,0.54
38.5,-77.5,0.64
39.5,-77.5,0.74
40.5,-77.5,0.72
41.5,-77.5,0.7
42.5,-77.5,0.72
43.5,-77.5,0.68
44.5,-77.5,0.75
45.5,-77.5,0.77
46.5,-77.5,0.77
47.5,-77.5,0.72
48.5,-77.5,0.76
49.5,-77.5,0.79
50.5,-77.5,0.77
13.5,-76.5,0.75
14.5,-76.5,0.65
15.5,-76.5,0.57
16.5,-76.5,0.52
17.5,-76.5,0.54
18.5,-76.5,0.57
19.5,-76.5,0.35
20.5,-76.5,0.57
21.5,-76.5,0.48
22.5,-76.5,0.46
23.5,-76.5,0.42
24.5,-76.5,0.42
25.5,-76.5,0.49
26.5,-76.5,0.54
27.5,-76.5,0.54
28.5,-76.5,0.58
29.5,-76.5,0.64
30.5,-76.5,0.69
31.5,-76.5,0.67
32.5,-76.5,0.7
33.5,-76.5,0.67
34.5,-76.5,0.62
35.5,-76.5,0.54
36.5,-76.5,0.51
37.5,-76.5,0.59
38.5,-76.5,0.62
39.5,-76.5,0.68
40.5,-76.5,0.69
41.5,-76.5,0.71
42.5,-76.5,0.65
43.5,-76.5,0.66
44.5,-76.5,0.74
45.5,-76.5,0.7
46.5,-76.5,0.76
47.5,-76.5,0.76
48.5,-76.5,0.79
49.5,-76.5,0.77
50.5,-76.5,0.81
13.5,-75.5,0.69
14.5,-75.5,0.63
15.5,-75.5,0.52
16.5,-75.5,0.5
17.5,-75.5,0.64
18.5,-75.5,0.54
19.5,-75.5,0.44
20.5,-75.5,0.54
21.5,-75.5,0.5
22.5,-75.5,0.43
23.5,-75.5,0.39
24.5,-75.5,0.45
25.5,-75.5,0.48
26.5,-75.5,0.55
27.5,-75.5,0.59
28.5,-75.5,0.57
29.5,-75.5,0.59
30.5,-75.5,0.64
31.5,-75.5,0.67
32.5,-75.5,0.76
33.5,-75.5,0.75
34.5,-75.5,0.7
35.5,-75.5,0.59
36.5,-75.5,0.62
37.5,-75.5,0.59
38.5,-75.5,0.61
39.5,-75.5,0.63
40.5,-75.5,0.7
41.5,-75.5,0.69
42.5,-75.5,0.68
43.5,-75.5,0.78
44.5,-75.5,0.74
45.5,-75.5,0.72
46.5,-75.5,0.78
47.5,-75.5,0.84
48.5,-75.5,0.8
49.5,-75.5,0.81
50.5,-75.5,0.77
13.5,-74.5,0.73
14.5,-74.5,0.57
15.5,-74.5,0.54
16.5,-74.5,0.46
17.5,-74.5,0.6
18.5,-74.5,0.52
19.5,-74.5,0.43
20.5,-74.5,0.52
21.5,-74.5,0.46
22.5,-74.5,0.41
23.5,-74.5,0.44
24.5,-74.5,0.49
25.5,-74.5,0.47
26.5,-74.5,0.56
27.5,-74.5,0.55
28.5,-74.5,0.62
29.5,-74.5,0.61
30.5,-74.5,0.65
31.5,-74.5,0.66
32.5,-74.5,0.74
33.5,-74.5,0.73
34.5,-74.5,0.76
35.5,-74.5,0.76
36.5,-74.5,0.79
37.5,-74.5,0.71
38.5,-74.5,0.61
39.5,-74.5,0.62
40.5,-74.5,0.67
41.5,-74.5,0.71
42.5,-74.5,0.7
43.5,-74.5,0.79
44.5,-74.5,0.8
45.5,-74.5,0.77
46.5,-74.5,0.81
47.5,-74.5,0.84
48.5,-74.5,0.82
49.5,-74.5,0.83
50.5,-74.5,0.79
13.5,-73.5,0.67
14.5,-73.5,0.58
15.5,-73.5,0.51
16.5,-73.5,0.43
17.5,-73.5,0.51
18.5,-73.5,0.52
19.5,-73.5,0.32
20.5,-73.5,0.39
21.5,-73.5,0.46
22.5,-73.5,0.52
23.5,-73.5,0.48
24.5,-73.5,0.53
25.5,-73.5,0.53
26.5,-73.5,0.57
27.5,-73.5,0.53
28.5,-73.5,0.57
29.5,-73.5,0.58
30.5,-73.5,0.61
31.5,-73.5,0.65
32.5,-73.5,0.67
33.5,-73.5,0.75
34.5,-73.5,0.79
35.5,-73.5,0.82
36.5,-73.5,0.8
37.5,-73.5,0.81
38.5,-73.5,0.65
39.5,-73.5,0.57
40.5,-73.5,0.66
41.5,-73.5,0.69
42.5,-73.5,0.73
43.5,-73.5,0.77
44.5,-73.5,0.83
45.5,-73.5,0.74
46.5,-73.5,0.81
47.5,-73.5,0.81
48.5,-73.5,0.82
49.5,-73.5,0.79
50.5,-73.5,0.75
13.5,-72.5,0.7
14.5,-72.5,0.66
15.5,-72.5,0.6
16.5,-72.5,0.45
17.5,-72.5,0.36
18.5,-72.5,0.39
19.5,-72.5,0.39
20.5,-72.5,0.38
21.5,-72.5,0.48
22.5,-72.5,0.44
23.5,-72.5,0.47
24.5,-72.5,0.49
25.5,-72.5,0.61
26.5,-72.5,0.58
27.5,-72.5,0.51
28.5,-72.5,0.52
29.5,-72.5,0.57
30.5,-72.5,0.6
31.5,-72.5,0.71
32.5,-72.5,0.66
33.5,-72.5,0.74
34.5,-72.5,0.79
35.5,-72.5,0.81
36.5,-72.5,0.86
37.5,-72.5,0.86
38.5,-72.5,0.76
39.5,-72.5,0.66
40.5,-72.5,0.62
41.5,-72.5,0.72
42.5,-72.5,0.75
43.5,-72.5,0.82
44.5,-72.5,0.84
45.5,-72.5,0.78
46.5,-72.5,0.77
47.5,-72.5,0.81
48.5,-72.5,0.78
49.5,-72.5,0.79
50.5,-72.5,0.73
13.5,-71.5,0.74
14.5,-71.5,0.7
15.5,-71.5,0.63
16.5,-71.5,0.55
17.5,-71.5,0.43
18.5,-71.5,0.49
19.5,-71.5,0.44
20.5,-71.5,0.43
21.5,-71.5,0.49
22.5,-71.5,0.5
23.5,-71.5,0.46
24.5,-71.5,0.5
25.5,-71.5,0.53
26.5,-71.5,0.54
27.5,-71.5,0.5
28.5,-71.5,0.49
29.5,-71.5,0.57
30.5,-71.5,0.64
31.5,-71.5,0.66
32.5,-71.5,0.72
33.5,-71.5,0.69
34.5,-71.5,0.7
35.5,-71.5,0.78
36.5,-71.5,0.81
37.5,-71.5,0.89
38.5,-71.5,0.84
39.5,-71.5,0.78
40.5,-71.5,0.64
41.5,-71.5,0.73
42.5,-71.5,0.76
43.5,-71.5,0.78
44.5,-71.5,0.81
45.5,-71.5,0.79
46.5,-71.5,0.76
47.5,-71.5,0.8
48.5,-71.5,0.75
49.5,-71.5,0.81
50.5,-71.5,0.73
13.5,-70.5,0.76
14.5,-70.5,0.67
15.5,-70.5,0.61
16.5,-70.5,0.52
17.5,-70.5,0.51
18.5,-70.5,0.6
19.5,-70.5,0.58
20.5,-70.5,0.41
21.5,-70.5,0.42
22.5,-70.5,0.52
23.5,-70.5,0.5
24.5,-70.5,0.48
25.5,-70.5,0.45
26.5,-70.5,0.56
27.5,-70.5,0.5
28.5,-70.5,0.48
29.5,-70.5,0.54
30.5,-70.5,0.63
31.5,-70.5,0.65
32.5,-70.5,0.68
33.5,-70.5,0.73
34.5,-70.5,0.75
35.5,-70.5,0.76
36.5,-70.5,0.83
37.5,-70.5,0.84
38.5,-70.5,0.9
39.5,-70.5,0.84
40.5,-70.5,0.72
41.5,-70.5,0.72
42.5,-70.5,0.72
43.5,-70.5,0.76
44.5,-70.5,0.77
45.5,-70.5,0.78
46.5,-70.5,0.75
47.5,-70.5,0.74
48.5,-70.5,0.77
49.5,-70.5,0.75
50.5,-70.5,0.72
13.5,-69.5,0.73
14.5,-69.5,0.64
15.5,-69.5,0.61
16.5,-69.5,0.48
17.5,-69.5,0.48
18.5,-69.5,0.64
19.5,-69.5,0.53
20.5,-69.5,0.46
21.5,-69.5,0.41
22.5,-69.5,0.42
23.5,-69.5,0.5
24.5,-69.5,0.48
25.5,-69.5,0.53
26.5,-69.5,0.53
27.5,-69.5,0.53
28.5,-69.5,0.51
29.5,-69.5,0.56
30.5,-69.5,0.61
31.5,-69.5,0.58
32.5,-69.5,0.65
33.5,-69.5,0.71
34.5,-69.5,0.79
35.5,-69.5,0.76
36.5,-69.5,0.82
37.5,-69.5,0.86
38.5,-69.5,0.89
39.5,-69.5,0.9
40.5,-69.5,0.75
41.5,-69.5,0.73
42.5,-69.5,0.73
43.5,-69.5,0.71
44.5,-69.5,0.76
45.5,-69.5,0.78
46.5,-69.5,0.79
47.5,-69.5,0.77
48.5,-69.5,0.73
49.5,-69.5,0.74
50.5,-69.5,0.74
13.5,-68.5,0.71
14.5,-68.5,0.66
15.5,-68.5,0.6
16.5,-68.5,0.56
17.5,-68.5,0.53
18.5,-68.5,0.55
19.5,-68.5,0.52
20.5,-68.5,0.51
21.5,-68.5,0.41
22.5,-68.5,0.43
23.5,-68.5,0.48
24.5,-68.5,0.49
25.5,-68.5,0.45
26.5,-68.5,0.52
27.5,-68.5,0.51
28.5,-68.5,0.57
29.5,-68.5,0.55
30.5,-68.5,0.51
31.5,-68.5,0.58
32.5,-68.5,0.64
33.5,-68.5,0.72
34.5,-68.5,0.74
35.5,-68.5,0.77
36.5,-68.5,0.79
37.5,-68.5,0.85
38.5,-68.5,0.93
39.5,-68.5,0.92
40.5,-68.5,0.81
41.5,-68.5,0.68
42.5,-68.5,0.72
43.5,-68.5,0.67
44.5,-68.5,0.75
45.5,-68.5,0.76
46.5,-68.5,0.78
47.5,-68.5,0.76
48.5,-68.5,0.7
49.5,-68.5,0.74
50.5,-68.5,0.78
13.5,-67.5,0.73
14.5,-67.5,0.68
15.5,-67.5,0.6
16.5,-67.5,0.55
17.5,-67.5,0.56
18.5,-67.5,0.52
19.5,-67.5,0.51
20.5,-67.5,0.52
21.5,-67.5,0.49
22.5,-67.5,0.45
23.5,-67.5,0.49
24.5,-67.5,0.51
25.5,-67.5,0.53
26.5,-67.5,0.6
27.5,-67.5,0.56
28.5,-67.5,0.58
29.5,-67.5,0.55
30.5,-67.5,0.51
31.5,-67.5,0.55
32.5,-67.5,0.64
33.5,-67.5,0.72
34.5,-67.5,0.78
35.5,-67.5,0.86
36.5,-67.5,0.86
37.5,-67.5,0.84
38.5,-67.5,0.87
39.5,-67.5,0.92
40.5,-67.5,0.85
41.5,-67.5,0.71
42.5,-67.5,0.71
43.5,-67.5,0.69
44.5,-67.5,0.71
45.5,-67.5,0.81
46.5,-67.5,0.77
47.5,-67.5,0.74
48.5,-67.5,0.75
49.5,-67.5,0.74
50.5,-67.5,0.75
13.5,-66.5,0.69
14.5,-66.5,0.59
15.5,-66.5,0.61
16.5,-66.5,0.55
17.5,-66.5,0.49
18.5,-66.5,0.6
19.5,-66.5,0.53
20.5,-66.5,0.52
21.5,-66.5,0.53
22.5,-66.5,0.53
23.5,-66.5,0.5
24.5,-66.5,0.53
25.5,-66.5,0.49
26.5,-66.5,0.56
27.5,-66.5,0.54
28.5,-66.5,0.54
29.5,-66.5,0.57
30.5,-66.5,0.49
31.5,-66.5,0.54
32.5,-66.5,0.68
33.5,-66.5,0.73
34.5,-66.5,0.78
35.5,-66.5,0.85
36.5,-66.5,0.88
37.5,-66.5,0.88
38.5,-66.5,0.94
39.5,-66.5,0.91
40.5,-66.5,0.86
41.5,-66.5,0.76
42.5,-66.5,0.7
43.5,-66.5,0.65
44.5,-66.5,0.64
45.5,-66.5,0.79
46.5,-66.5,0.82
47.5,-66.5,0.79
48.5,-66.5,0.8
49.5,-66.5,0.69
50.5,-66.5,0.7
13.5,-65.5,0.63
14.5,-65.5,0.52
15.5,-65.5,0.66
16.5,-65.5,0.57
17.5,-65.5,0.52
18.5,-65.5,0.57
19.5,-65.5,0.47
20.5,-65.5,0.55
21.5,-65.5,0.5
22.5,-65.5,0.61
23.5,-65.5,0.49
24.5,-65.5,0.5
25.5,-65.5,0.5
26.5,-65.5,0.51
27.5,-65.5,0.45
28.5,-65.5,0.52
29.5,-65.5,0.57
30.5,-65.5,0.52
31.5,-65.5,0.59
32.5,-65.5,0.65
33.5,-65.5,0.76
34.5,-65.5,0.85
35.5,-65.5,0.85
36.5,-65.5,0.89
37.5,-65.5,0.88
38.5,-65.5,0.94
39.5,-65.5,0.93
40.5,-65.5,0.9
41.5,-65.5,0.84
42.5,-65.5,0.71
43.5,-65.5,0.66
44.5,-65.5,0.65
45.5,-65.5,0.75
46.5,-65.5,0.81
47.5,-65.5,0.75
48.5,-65.5,0.76
49.5,-65.5,0.75
50.5,-65.5,0.66
13.5,-64.5,0.66
14.5,-64.5,0.6
15.5,-64.5,0.61
16.5,-64.5,0.61
17.5,-64.5,0.56
18.5,-64.5,0.52
19.5,-64.5,0.47
20.5,-64.5,0.52
21.5,-64.5,0.48
22.5,-64.5,0.49
23.5,-64.5,0.5
24.5,-64.5,0.43
25.5,-64.5,0.51
26.5,-64.5,0.48
27.5,-64.5,0.45
28.5,-64.5,0.53
29.5,-64.5,0.56
30.5,-64.5,0.54
31.5,-64.5,0.68
32.5,-64.5,0.66
33.5,-64.5,0.75
34.5,-64.5,0.81
35.5,-64.5,0.88
36.5,-64.5,0.88
37.5,-64.5,0.85
38.5,-64.5,0.92
39.5,-64.5,0.9
40.5,-64.5,0.85
41.5,-64.5,0.75
42.5,-64.5,0.67
43.5,-64.5,0.66
44.5,-64.5,0.68
45.5,-64.5,0.72
46.5,-64.5,0.78
47.5,-64.5,0.71
48.5,-64.5,0.7
49.5,-64.5,0.74
50.5,-64.5,0.67
13.5,-63.5,0.59
14.5,-63.5,0.65
15.5,-63.5,0.58
16.5,-63.5,0.5
17.5,-63.5,0.46
18.5,-63.5,0.49
19.5,-63.5,0.47
20.5,-63.5,0.47
21.5,-63.5,0.5
22.5,-63.5,0.53
23.5,-63.5,0.45
24.5,-63.5,0.44
25.5,-63.5,0.45
26.5,-63.5,0.45
27.5,-63.5,0.44
28.5,-63.5,0.55
29.5,-63.5,0.63
30.5,-63.5,0.58
31.5,-63.5,0.67
32.5,-63.5,0.74
33.5,-63.5,0.74
34.5,-63.5,0.76
35.5,-63.5,0.86
36.5,-63.5,0.89
37.5,-63.5,0.89
38.5,-63.5,0.91
39.5,-63.5,0.85
40.5,-63.5,0.89
41.5,-63.5,0.75
42.5,-63.5,0.72
43.5,-63.5,0.67
44.5,-63.5,0.63
45.5,-63.5,0.76
46.5,-63.5,0.83
47.5,-63.5,0.73
48.5,-63.5,0.69
49.5,-63.5,0.69
50.5,-63.5,0.7
13.5,-62.5,0.57
14.5,-62.5,0.59
15.5,-62.5,0.54
16.5,-62.5,0.39
17.5,-62.5,0.45
18.5,-62.5,0.49
19.5,-62.5,0.47
20.5,-62.5,0.46
21.5,-62.5,0.41
22.5,-62.5,0.48
23.5,-62.5,0.45
24.5,-62.5,0.48
25.5,-62.5,0.48
26.5,-62.5,0.47
27.5,-62.5,0.51
28.5,-62.5,0.5
29.5,-62.5,0.51
30.5,-62.5,0.57
31.5,-62.5,0.65
32.5,-62.5,0.72
33.5,-62.5,0.74
34.5,-62.5,0.75
35.5,-62.5,0.84
36.5,-62.5,0.85
37.5,-62.5,0.87
38.5,-62.5,0.89
39.5,-62.5,0.91
40.5,-62.5,0.89
41.5,-62.5,0.78
42.5,-62.5,0.73
43.5,-62.5,0.67
44.5,-62.5,0.65
45.5,-62.5,0.83
46.5,-62.5,0.9
47.5,-62.5,0.78
48.5,-62.5,0.73
49.5,-62.5,0.75
50.5,-62.5,0.72
13.5,-61.5,0.62
14.5,-61.5,0.62
15.5,-61.5,0.63
16.5,-61.5,0.55
17.5,-61.5,0.46
18.5,-61.5,0.45
19.5,-61.5,0.45
20.5,-61.5,0.42
21.5,-61.5,0.42
22.5,-61.5,0.44
23.5,-61.5,0.47
24.5,-61.5,0.53
25.5,-61.5,0.45
26.5,-61.5,0.5
27.5,-61.5,0.5
28.5,-61.5,0.5
29.5,-61.5,0.56
30.5,-61.5,0.54
31.5,-61.5,0.6
32.5,-61.5,0.66
33.5,-61.5,0.69
34.5,-61.5,0.73
35.5,-61.5,0.84
36.5,-61.5,0.89
37.5,-61.5,0.9
38.5,-61.5,0.9
39.5,-61.5,0.95
40.5,-61.5,0.91
41.5,-61.5,0.84
42.5,-61.5,0.77
43.5,-61.5,0.67
44.5,-61.5,0.68
45.5,-61.5,0.84
46.5,-61.5,0.81
47.5,-61.5,0.8
48.5,-61.5,0.73
49.5,-61.5,0.75
50.5,-61.5,0.75
